{"settings": {"minGameScore": 2736, "TAU": 0.001, "minGameScoreRatio": 0.95, "batchSize": 256, "nGamesPerSave": 50, "nEpochs": 1, "minGameSequence": 500, "nModelBackups": 3, "gameMinutesLength": 2880, "dequeSize": 50000, "learningRate": 0.001, "gamma": 0.95, "trainSetSize": 256}, "args": {"random": true, "gpuFrac": 0.3, "sequential": false, "gpuNum": 1, "settings": "/home/yochaiz/SmartHome/Reinforcement/settings.json"}, "results": {"loss": [26.81233, 13.93042, 12.03689, 11.64167, 14.40157, 12.71528, 10.38704, 13.11222, 12.79213, 14.39967, 11.30053, 10.0696, 10.49402, 10.5675, 8.79081, 8.32036, 7.96151, 7.63323, 7.5042, 7.81907, 7.24309, 6.97798, 6.77753, 6.54098, 6.42821, 5.96116, 5.2785, 5.11004, 4.95485, 4.90448, 4.87099, 5.13753, 4.68522, 4.74873, 4.94901, 4.64831, 4.58645, 4.12352, 3.87817, 3.9207, 4.02734, 4.12868, 4.03518, 3.85912, 3.477, 3.45194, 3.25905, 3.36166, 3.32669, 2.92251, 2.9432, 2.86383, 2.8443, 2.86889, 2.80714, 2.57502, 2.81996, 2.64366, 2.62917, 2.51173, 2.56215, 2.61243, 2.59338, 2.39647, 2.34449, 2.42044, 2.36513, 2.0305, 1.99734, 2.17807, 2.13189, 2.11045, 2.00303, 2.12375, 2.31103, 2.40742, 2.73207, 2.32686, 2.16013, 2.25661, 2.54079, 2.3585, 2.14365, 2.23406, 2.15017, 2.14675, 2.04904, 2.31126, 1.92927, 1.71814, 1.82454, 1.96637, 1.82549, 1.72571, 1.63449, 1.63362, 1.66908, 1.78251, 1.54159, 1.76019, 1.67334, 1.59453, 1.61297, 1.82432, 1.61076, 1.56817, 1.66309, 1.64152, 1.483, 1.61266, 1.52078, 1.44771, 1.3903, 1.41952, 1.39699, 1.29803, 1.24824, 1.2808, 1.26449, 1.40225, 1.49463, 1.53212, 1.34664, 1.28645, 1.15642, 1.39575, 1.39823, 1.30952, 1.12915, 1.29139, 1.30598, 1.31424, 1.14446, 1.41743, 1.11032, 1.26402, 1.28122, 1.30846, 1.22858, 1.13575, 1.48448, 1.23782, 1.31879, 1.23621, 1.41016, 1.38351, 1.17326, 1.29542, 1.22238, 1.16973, 1.16705, 1.10315, 1.17239, 1.17994, 1.27702, 1.16003, 1.3028, 1.32006, 1.1595, 1.31216, 1.05397, 1.13327, 1.12075, 0.95249, 0.94334, 1.17351, 0.94499, 1.02817, 1.0347, 1.087, 1.12829, 1.02617, 0.91271, 1.09452, 0.93903, 0.93592, 0.90199, 0.85364, 0.98762, 1.03767, 0.89591, 0.96339, 1.0374, 0.95815, 0.87756, 0.86295, 0.87508, 0.89008, 0.94155, 0.93185, 0.8348, 0.87634, 0.90107, 0.9357, 0.84326, 1.17038, 0.81188, 0.97116, 0.8907, 1.0507, 1.12968, 1.14418, 1.07132, 1.01348, 1.01554, 0.90299, 0.86765, 0.92702, 0.92887], "score": [1340, 1186, 1243, 1395, 1357, 1162, 1354, 1724, 2177, 2407, 2190, 2436, 2274, 2375, 2367, 2419, 2384, 2364, 2409, 2311, 2452, 2485, 2366, 2250, 2395, 2466, 2278, 2427, 2389, 2397, 2446, 2385, 2396, 2383, 2320, 2345, 2449, 2393, 2481, 2275, 2314, 2353, 2327, 2377, 2372, 2251, 2305, 2403, 2421, 2463, 2559, 2414, 2458, 2459, 2468, 2465, 2476, 2478, 2426, 2494, 2446, 2265, 2256, 2429, 2433, 2466, 2458, 2441, 2389, 2350, 2511, 2311, 2403, 2417, 2294, 2294, 2378, 2420, 2528, 2285, 2404, 2427, 2239, 2303, 2489, 2428, 2431, 2417, 2418, 2282, 2425, 2502, 2482, 2335, 2477, 2429, 2397, 2280, 2428, 2448, 2469, 2432, 2394, 2442, 2434, 2479, 2330, 2397, 2416, 2281, 2451, 2418, 2413, 2420, 2463, 2426, 2408, 2307, 2427, 2479, 2438, 2405, 2350, 2437, 2471, 2344, 2409, 2415, 2438, 2402, 2424, 2494, 2439, 2520, 2250, 2366, 2447, 2494, 2433, 2457, 2279, 2573, 2317, 2257, 2477, 2433, 2428, 2268, 2449, 2491, 2458, 2462, 2363, 2477, 2497, 2400, 2318, 2445, 2256, 2437, 2410, 2435, 2463, 2465, 2430, 2442, 2341, 2452, 2395, 2439, 2411, 2304, 2439, 2437, 2425, 2441, 2294, 2306, 2343, 2295, 2456, 2520, 2455, 2450, 2457, 2451, 2312, 2447, 2263, 2441, 2513, 2302, 2487, 2481, 2587, 2531, 2516, 2452, 2301, 2452, 2311, 2456, 2476, 2283, 2481, 2348, 2506, 2473, 2413]}, "Actor": {"epsilon_decay": 0.99, "epsilon": 1.0, "curBackupIdx": 0, "epsilon_min": 0.01, "TAU": 0.001, "nBackups": 3, "k": 1, "actionDim": 5}, "Critic": {"TAU": 0.001, "nBackups": 3, "curBackupIdx": 0, "actionDim": 5}, "policy": {"numOfDevices": 5, "stateDim": [1, 8], "seqLen": 1, "policyJSON": {"10": [{"days": "weekdays", "times": [["21:00", "23:29"]]}, {"days": [5], "times": [["21:00", "23:29"]]}], "6": [{"days": "weekdays", "times": [["20:40", "23:59"], ["00:00", "00:14"]]}, {"days": [4], "times": [["00:00", "00:14"]]}, {"days": [5], "times": [["21:00", "23:59"]]}], "weekdays": [0, 1, 2, 3, 6], "Devices": ["Room light1", "Room light2", "Room light3 (backdoor)", "Kitchen light", "Toilets light"], "days": ["Monday", "Tuesday", "Wednesday", "Thursday", "Friday", "Saturday", "Sunday"], "1": [{"days": [0, 1, 2, 3, 6], "times": [["08:30", "08:59"], ["20:30", "21:29"]]}, {"days": [4], "times": [["10:00", "13:29"]]}, {"days": [5], "times": [["18:00", "18:59"]]}], "0": [{"days": [0, 1, 2, 3, 6], "times": [["00:00", "00:29"], ["08:00", "08:59"], ["20:30", "23:59"]]}, {"days": [4], "times": [["00:00", "00:59"], ["09:30", "13:29"]]}, {"days": [5], "times": [["18:00", "23:59"]]}], "3": [{"days": [0, 1, 2, 3, 6], "times": [["08:30", "08:44"], ["20:45", "21:29"], ["23:15", "23:44"]]}, {"days": [4], "times": [["10:00", "10:59"], ["12:45", "13:14"]]}, {"days": [5], "times": [["18:00", "19:59"], ["21:00", "23:14"]]}], "2": [{"days": [0, 1, 2, 3, 6], "times": [["00:30", "01:09"]]}, {"days": [4], "times": [["00:30", "01:09"]]}], "5": [{"days": "weekdays", "times": [["08:35", "08:42"], ["21:09", "21:11"], ["00:05", "00:24"]]}, {"days": [4], "times": [["10:18", "10:29"], ["00:05", "00:24"]]}, {"days": [5], "times": [["19:09", "19:09"], ["21:34", "21:34"]]}], "4": [{"days": [0, 1, 2, 3, 6], "times": [["08:30", "08:34"], ["21:05", "21:08"]]}, {"days": [4], "times": [["10:10", "10:17"]]}, {"days": [5], "times": [["19:05", "19:08"], ["21:20", "21:33"]]}], "7": [{"days": "weekdays", "times": [["20:40", "23:59"], ["00:00", "00:14"]]}, {"days": [4], "times": [["00:00", "00:14"]]}, {"days": [5], "times": [["21:00", "23:59"]]}], "Time format": "%H:%M", "9": [{"days": "weekdays", "times": [["09:00", "09:00"], ["20:30", "20:30"]]}, {"days": [4], "times": [["13:29", "13:29"]]}, {"days": [5], "times": [["18:00", "18:00"]]}], "8": [{"days": "weekdays", "times": [["20:31", "20:54"]]}, {"days": [5], "times": [["18:00", "18:59"]]}], "weekend": [4, 5]}}}