{"settings": {"minGameScore": 2736, "TAU": 0.001, "minGameScoreRatio": 0.95, "batchSize": 256, "nGamesPerSave": 50, "nEpochs": 1, "minGameSequence": 500, "nModelBackups": 3, "gameMinutesLength": 2880, "dequeSize": 50000, "learningRate": 0.001, "gamma": 0.95, "trainSetSize": 256}, "args": {"random": true, "gpuFrac": 0.3, "sequential": false, "gpuNum": 1, "settings": "/home/yochaiz/SmartHome/Reinforcement/settings.json"}, "results": {"loss": [27.92041, 28.05445, 20.74436, 18.12558, 13.81652, 9.98185, 12.24524, 11.07755, 10.35452, 10.19698, 9.91538, 9.38475, 9.57352, 9.42454, 9.17812, 8.64245, 8.25929, 7.75811, 7.71768, 7.26697, 6.46259, 6.47242, 6.40879, 6.46049, 6.45992, 6.81098, 6.12941, 6.29417, 5.84599, 5.43247, 5.65906, 5.45529, 5.31937, 5.09312, 4.93862, 4.72228, 4.94075, 4.74195, 4.54206, 4.2636, 4.35755, 4.08326, 3.7638, 3.73467, 3.60314, 3.57666, 3.42768, 3.54054, 3.703, 3.47729, 3.30028, 3.45737, 3.12995, 3.13131, 3.10871, 2.9703, 2.93529, 3.0593, 2.99075, 3.1615, 2.73712, 2.94624, 3.03406, 2.76232, 2.82855, 2.65432, 2.36121, 2.35047, 2.40678, 2.44334, 2.09672, 2.34379, 2.30815, 2.34511, 2.18087, 2.24234, 2.27012, 2.3105, 2.35755, 2.06363, 2.04638, 1.91297, 2.01388, 2.57183, 2.06103, 2.15235, 1.88228, 2.08753, 2.40459, 2.34472, 2.24043, 2.08216, 2.1125, 2.09779, 2.12831, 2.16932, 1.95349, 2.08583, 2.05647, 1.82517, 2.016, 2.39306, 2.07822, 1.8791, 2.1272, 2.15285, 1.81408, 2.07224, 1.80942, 1.81101, 1.67586, 1.68453, 1.77291, 1.76914, 1.84914, 1.58862, 1.59051, 1.79784, 1.78164, 1.58138, 1.83432, 1.55497, 1.91506, 1.93273, 1.66724, 1.61286, 1.50861, 1.48537, 1.81434, 1.53505, 1.60777, 1.74582, 1.65768, 1.71545, 2.10929, 1.96725, 1.83723, 1.68942, 1.65564, 1.47156, 1.3302, 1.41901, 1.31176, 1.52073, 1.46196, 1.53282, 1.27971, 1.33139, 1.3998, 1.3152, 1.39322, 1.70977, 1.60381, 1.64078, 2.21487, 1.80958, 1.80746, 1.64446, 1.44002, 1.448, 1.66139, 1.33785, 1.46254, 1.30844, 1.63934, 1.33038, 1.28139, 1.51021, 1.42641, 1.89395, 1.76766, 1.91843, 1.51673, 1.32215, 1.61445, 1.38461, 1.50284, 1.33192, 1.48052, 1.36591, 1.22691, 1.24876, 1.27768, 1.41666, 1.29984, 1.57369, 1.14239, 1.13886, 1.08936, 1.12859, 1.19872, 1.09954, 1.18317, 1.09165, 0.8846, 0.98122, 0.90677, 1.05835, 1.05035, 1.02565, 0.94176, 0.85704, 0.86006, 1.07997, 1.1258, 0.969, 0.99653, 1.14529, 1.02425, 1.10869, 1.09995, 1.26838, 1.09206, 1.06817, 1.05289, 1.27289, 1.25344, 1.30457, 1.12548, 1.08563, 1.28831, 1.23104, 1.04095, 1.25562, 0.98008, 1.1463, 1.08743, 1.12676, 0.92776, 0.93332, 0.77172, 1.16555, 0.9534, 1.27621, 1.33378, 1.22736, 1.12895, 1.20315, 1.11597, 1.02005, 1.08482, 1.15397, 1.2243, 1.10493, 1.35397, 1.25806], "score": [1543, 2277, 2304, 2411, 2331, 2469, 2276, 2542, 2464, 2510, 2489, 2540, 2367, 2462, 2616, 2609, 2616, 2647, 2608, 2617, 2630, 2668, 2613, 2623, 2574, 2600, 2725, 2514, 2609, 2673, 2647, 2679, 2674, 2711, 2700, 2721, 2639, 2638, 2682, 2673, 2652, 2690, 2712, 2646, 2714, 2659, 2726, 2754, 2673, 2710, 2685, 2727, 2758, 2705, 2753, 2718, 2733, 2717, 2727, 2698, 2724, 2715, 2719, 2750, 2720, 2762, 2759, 2723, 2773, 2739, 2766, 2751, 2725, 2708, 2700, 2747, 2722, 2728, 2733, 2749, 2734, 2746, 2776, 2680, 2774, 2709, 2771, 2747, 2728, 2762, 2737, 2772, 2730, 2756, 2717, 2782, 2779, 2712, 2785, 2783, 2715, 2761, 2788, 2793, 2779, 2757, 2771, 2741, 2784, 2785, 2769, 2770, 2777, 2791, 2778, 2789, 2763, 2762, 2788, 2806, 2713, 2787, 2687, 2761, 2792, 2781, 2809, 2778, 2743, 2750, 2791, 2733, 2788, 2757, 2738, 2726, 2780, 2807, 2794, 2813, 2782, 2789, 2809, 2803, 2797, 2775, 2836, 2795, 2771, 2771, 2707, 2749, 2721, 2794, 2719, 2752, 2743, 2789, 2771, 2803, 2759, 2775, 2764, 2827, 2740, 2824, 2783, 2800, 2800, 2718, 2762, 2731, 2793, 2789, 2770, 2792, 2730, 2791, 2798, 2806, 2817, 2763, 2803, 2796, 2779, 2786, 2825, 2807, 2802, 2801, 2819, 2779, 2796, 2775, 2794, 2823, 2816, 2789, 2735, 2823, 2801, 2802, 2835, 2762, 2781, 2825, 2765, 2779, 2831, 2773, 2783, 2781, 2827, 2813, 2772, 2783, 2753, 2781, 2801, 2833, 2770, 2825, 2815, 2787, 2846, 2802, 2785, 2791, 2810, 2815, 2824, 2719, 2816, 2732, 2762, 2810, 2817, 2789, 2813, 2839, 2789, 2813, 2738, 2803, 2717, 2766]}, "Actor": {"epsilon_decay": 0.99, "epsilon": 1.0, "curBackupIdx": 0, "epsilon_min": 0.01, "TAU": 0.001, "nBackups": 3, "k": 10, "actionDim": 5}, "Critic": {"TAU": 0.001, "nBackups": 3, "curBackupIdx": 0, "actionDim": 5}, "policy": {"numOfDevices": 5, "stateDim": [1, 8], "seqLen": 1, "policyJSON": {"10": [{"days": "weekdays", "times": [["21:00", "23:29"]]}, {"days": [5], "times": [["21:00", "23:29"]]}], "6": [{"days": "weekdays", "times": [["20:40", "23:59"], ["00:00", "00:14"]]}, {"days": [4], "times": [["00:00", "00:14"]]}, {"days": [5], "times": [["21:00", "23:59"]]}], "weekdays": [0, 1, 2, 3, 6], "Devices": ["Room light1", "Room light2", "Room light3 (backdoor)", "Kitchen light", "Toilets light"], "days": ["Monday", "Tuesday", "Wednesday", "Thursday", "Friday", "Saturday", "Sunday"], "1": [{"days": [0, 1, 2, 3, 6], "times": [["08:30", "08:59"], ["20:30", "21:29"]]}, {"days": [4], "times": [["10:00", "13:29"]]}, {"days": [5], "times": [["18:00", "18:59"]]}], "0": [{"days": [0, 1, 2, 3, 6], "times": [["00:00", "00:29"], ["08:00", "08:59"], ["20:30", "23:59"]]}, {"days": [4], "times": [["00:00", "00:59"], ["09:30", "13:29"]]}, {"days": [5], "times": [["18:00", "23:59"]]}], "3": [{"days": [0, 1, 2, 3, 6], "times": [["08:30", "08:44"], ["20:45", "21:29"], ["23:15", "23:44"]]}, {"days": [4], "times": [["10:00", "10:59"], ["12:45", "13:14"]]}, {"days": [5], "times": [["18:00", "19:59"], ["21:00", "23:14"]]}], "2": [{"days": [0, 1, 2, 3, 6], "times": [["00:30", "01:09"]]}, {"days": [4], "times": [["00:30", "01:09"]]}], "5": [{"days": "weekdays", "times": [["08:35", "08:42"], ["21:09", "21:11"], ["00:05", "00:24"]]}, {"days": [4], "times": [["10:18", "10:29"], ["00:05", "00:24"]]}, {"days": [5], "times": [["19:09", "19:09"], ["21:34", "21:34"]]}], "4": [{"days": [0, 1, 2, 3, 6], "times": [["08:30", "08:34"], ["21:05", "21:08"]]}, {"days": [4], "times": [["10:10", "10:17"]]}, {"days": [5], "times": [["19:05", "19:08"], ["21:20", "21:33"]]}], "7": [{"days": "weekdays", "times": [["20:40", "23:59"], ["00:00", "00:14"]]}, {"days": [4], "times": [["00:00", "00:14"]]}, {"days": [5], "times": [["21:00", "23:59"]]}], "Time format": "%H:%M", "9": [{"days": "weekdays", "times": [["09:00", "09:00"], ["20:30", "20:30"]]}, {"days": [4], "times": [["13:29", "13:29"]]}, {"days": [5], "times": [["18:00", "18:00"]]}], "8": [{"days": "weekdays", "times": [["20:31", "20:54"]]}, {"days": [5], "times": [["18:00", "18:59"]]}], "weekend": [4, 5]}}}