{"policy": {"seqLen": 1, "numOfDevices": 5, "stateDim": [1, 8], "rewardScaleFactor": 1.0, "fname": "/home/yochaiz/SmartHome/Reinforcement/Policies/Week/policy2.json"}, "Actor": {"epsilon_min": 0.01, "TAU": 0.001, "epsilon_decay": 0.99, "epsilon": 1.0, "k": 32, "actionDim": 5, "curBackupIdx": 0, "nBackups": 3, "nActions": 32}, "Critic": {"nBackups": 3, "curBackupIdx": 0, "TAU": 0.001, "actionDim": 5}, "results": {"baseFolder": "/home/yochaiz/SmartHome/Reinforcement/DDPG", "loss": [29.16814, 29.99278, 30.64341, 27.48395, 38.05487, 35.36409, 33.6861, 30.82051, 28.26392, 27.09773, 25.07041, 23.64659, 21.0959, 24.97476, 22.40025, 17.2324, 19.36784, 19.95165, 17.58029, 15.67348, 15.38959, 17.14694, 13.77039, 12.83413, 14.21962, 13.79823, 12.14356, 11.3395, 13.72072, 11.90238, 11.16076, 11.97918, 11.20367, 10.22009, 10.24285, 10.67899, 8.70577, 8.88211, 9.47078, 10.53074, 10.45868, 9.56218, 9.26131, 9.74961, 9.53975, 9.6095, 9.61383, 9.54067, 8.74416, 8.46389, 9.44776, 9.46253, 7.82895, 9.21216, 8.95485, 8.94212, 9.38337, 9.03051, 9.59304, 8.73592, 8.05718, 8.20081, 9.03627, 7.76257, 7.01983, 8.17987, 9.44053, 8.38272, 9.27171, 8.24004, 8.16817, 7.15716, 8.52738, 8.53446, 7.3089, 8.43035, 6.52891, 6.84966, 6.35208, 7.36131, 6.32734, 6.28646, 6.35139, 6.37143, 7.06264, 6.77541, 7.2819, 6.55782, 6.8499, 5.37595, 5.71727, 5.61017, 5.04342, 5.29527, 5.06818, 4.84482, 5.29245, 5.38906, 5.99272, 6.09103, 6.95305, 6.29257, 6.35964, 5.5516, 5.18988, 5.18515, 4.751, 5.49937, 5.78263, 6.18381, 6.44514, 5.36043, 5.62174, 5.96282, 5.21553, 5.84694, 6.00815, 5.3664, 5.27533, 4.8446, 5.25824, 4.72838, 5.45024, 5.58653, 4.81741, 4.78897, 5.87007, 4.99201, 5.18613, 6.40876, 5.75653, 5.05092, 4.51966, 4.54621, 4.54353, 3.47764, 3.92583, 4.80399, 5.4611, 4.14923, 4.64099, 4.74306, 4.98496, 4.24292, 4.43884, 4.30784, 4.21002, 4.10581, 4.24039, 4.3002, 5.72562, 5.45774, 4.31222, 4.48725, 4.66655, 4.90642, 5.37797, 5.00342, 5.01665, 4.86687, 4.33829, 4.12115, 4.85286, 4.6362, 4.74189, 4.8114, 5.67537, 4.86328, 5.43133, 5.74566, 5.16373, 5.46491, 5.35225, 5.02343, 4.94697], "folderName": "D-10-4-H-14-19-30", "fullPath": "/home/yochaiz/SmartHome/Reinforcement/DDPG/results/actionDim-5/D-10-4-H-14-19-30", "score": [2004, 2185, 2343, 2318, 2333, 2248, 2331, 2445, 2501, 2495, 2446, 2419, 2365, 2439, 2445, 2541, 2617, 2465, 2589, 2629, 2639, 2666, 2683, 2677, 2669, 2552, 2575, 2621, 2576, 2645, 2633, 2664, 2703, 2677, 2692, 2684, 2712, 2708, 2619, 2590, 2661, 2694, 2639, 2727, 2664, 2717, 2708, 2731, 2718, 2743, 2693, 2749, 2739, 2664, 2677, 2716, 2624, 2666, 2640, 2697, 2757, 2729, 2680, 2747, 2756, 2718, 2744, 2639, 2708, 2729, 2665, 2744, 2664, 2703, 2733, 2743, 2745, 2753, 2755, 2747, 2770, 2726, 2756, 2740, 2657, 2745, 2728, 2717, 2766, 2788, 2789, 2761, 2751, 2775, 2775, 2753, 2723, 2692, 2725, 2715, 2666, 2774, 2726, 2769, 2787, 2791, 2790, 2763, 2737, 2730, 2733, 2747, 2790, 2744, 2778, 2754, 2774, 2777, 2791, 2809, 2787, 2796, 2731, 2767, 2763, 2762, 2706, 2791, 2739, 2762, 2726, 2800, 2765, 2821, 2809, 2800, 2756, 2737, 2770, 2692, 2747, 2773, 2766, 2788, 2812, 2799, 2781, 2809, 2811, 2770, 2715, 2758, 2813, 2757, 2755, 2675, 2774, 2775, 2752, 2810, 2802, 2798, 2786, 2803, 2769, 2746, 2722, 2739, 2768, 2745, 2774, 2793, 2783, 2799, 2813], "actionDim": "actionDim-5"}, "args": {"desc": "\"deep model **sequential**\"", "k": 32, "rewardScale": 1.0, "settings": "/home/yochaiz/SmartHome/Reinforcement/settings.json", "gpuNum": 0, "sequential": true, "random": false, "gpuFrac": 0.3}, "settings": {"minGameScore": 2448, "nEpochs": 1, "nGamesPerSave": 10, "minGameScoreRatio": 0.85, "dequeSize": 50000, "minGameSequence": 500, "gameMinutesLength": 2880, "TAU": 0.001, "batchSize": 64, "trainSetSize": 64, "nModelBackups": 3, "learningRate": 0.001, "gamma": 0.95}}