{"settings": {"minGameScore": 2736, "TAU": 0.001, "minGameScoreRatio": 0.95, "batchSize": 256, "nGamesPerSave": 50, "nEpochs": 1, "minGameSequence": 500, "nModelBackups": 3, "gameMinutesLength": 2880, "dequeSize": 50000, "learningRate": 0.001, "gamma": 0.95, "trainSetSize": 256}, "args": {"random": true, "gpuFrac": 0.3, "sequential": false, "gpuNum": 1, "settings": "/home/yochaiz/SmartHome/Reinforcement/settings.json"}, "results": {"loss": [82.65093, 55.47629, 35.16508, 39.95997, 31.57846, 25.18589, 22.52316, 19.22906, 18.07771, 16.29811, 15.33561, 15.09401, 15.04826, 13.60907, 13.04488, 12.72423, 12.67507, 11.91881, 11.20623, 10.98698, 9.94375, 10.91369, 9.71283, 9.24364, 8.93577, 8.08325, 8.17382, 7.68395, 7.14355, 7.72047, 6.88559, 7.10716, 7.08549, 7.10866, 6.69257, 6.39382, 7.16257, 6.5611, 6.14484, 5.55366, 5.45175, 5.76454, 6.30846, 6.13497, 5.64552, 5.5906, 5.19336, 5.33403, 4.9177, 4.66824, 4.75623, 5.03325, 5.08338, 4.78204, 4.45933, 4.42596, 4.6597, 4.41908, 4.27918, 4.54358, 4.47222, 4.06721, 3.9054, 3.70721, 4.12796, 3.87661, 3.67987, 4.06658, 4.10218, 4.14003, 3.75525, 3.62894, 3.8138, 4.03537, 4.43952, 3.78028, 4.05363, 3.87826, 3.48716, 3.71518, 4.09595, 3.57353, 3.6426, 3.50213, 3.51859, 3.71062, 3.71393, 3.65553, 3.33352, 3.34534, 3.90576, 3.50489, 3.37569, 3.1616, 3.44709, 3.23087, 3.34479, 3.06013, 3.12449, 2.95954, 3.19952, 3.04746, 2.85373, 2.90046, 2.78706, 2.74677, 2.79123, 2.75634, 2.6911, 2.59557, 2.96347, 2.65956, 2.88519, 2.67684, 2.53861, 2.46278, 2.2407, 2.44015, 2.69802, 2.35791, 2.41527, 2.4076, 2.07374, 2.11324, 2.01461, 2.66145, 2.26343, 2.50137, 2.83172, 2.42407, 2.19105, 2.25506, 2.41817, 2.09806, 2.13629, 2.19595, 2.62917, 2.33398, 2.46839, 2.38874, 2.37881, 2.58403, 2.50959, 2.53864, 2.42651, 2.46112, 2.2741, 2.3467, 2.52548, 2.27496, 2.29268, 2.33318, 2.14015, 2.51319, 2.4783, 2.18919, 2.6144, 2.44808, 2.2013, 2.51328, 2.26591, 2.11004, 2.30933, 2.07082, 2.22223, 2.0742, 2.15829, 2.23919, 2.16202, 2.07653, 2.06022, 1.96955, 2.02972, 2.03688, 1.99311, 1.81402, 1.83388, 1.74866, 1.83134, 1.65165, 1.85741, 1.65144, 1.66078, 1.56792, 1.45227, 1.48222, 1.54865, 1.83207, 1.61649, 1.52958, 1.57489, 1.58058, 1.65712, 1.54059, 1.56648, 1.5762, 1.54883, 1.67378, 1.76976, 1.76211, 1.6329, 1.6307, 1.69047, 1.60939, 1.65087, 1.81786, 1.69741, 1.79492, 1.60337, 1.79532, 1.69987, 1.84771, 1.97216, 1.74463, 1.71008, 1.86768, 1.86346, 1.73479, 1.94438, 1.77691, 1.59816, 2.11952, 2.11236, 2.09884, 1.71799, 1.68964, 1.67346, 1.5253, 1.45887, 1.36973, 1.29844, 1.49906, 1.7378, 1.54154, 1.49938, 1.27462, 1.53933, 1.76296, 2.11945, 1.9498, 1.68011, 1.50976, 1.45065, 1.73527, 1.56234, 1.69697, 1.6111, 1.64958, 1.7114, 1.66683, 1.58473, 1.58032, 1.55053, 1.55057, 1.39147, 1.42379, 1.47169, 1.56499, 1.28574, 1.4955, 1.46936, 1.48669, 1.36824, 1.436, 1.42876, 1.38674, 1.4646, 1.25718, 1.29945, 1.30661, 1.34729, 1.50962, 1.51902, 1.73226, 1.52806, 1.38221, 1.39057, 1.23769, 1.47756, 1.43648, 1.33679, 1.32606, 1.51042, 1.43186, 1.34509, 1.29244, 1.48504, 1.72274, 1.56155, 1.60888, 1.40859, 1.38687, 1.33805, 1.30984, 1.31399, 1.38494, 1.21024, 1.18354, 1.22795, 1.04993, 1.11932, 1.10395, 1.20421, 1.07067, 1.05186, 1.14193, 1.07534, 0.8826, 0.86372, 1.24365, 1.33241, 1.25823, 1.26358, 1.31304, 1.17502, 1.1105, 1.34358, 1.14804, 1.32048, 1.26722, 1.19546, 1.078, 1.13626, 1.14398, 1.19289, 1.16071, 1.40048, 1.45759, 1.30295, 1.31823, 1.53417, 1.26116, 1.36206, 1.45208, 1.47828, 1.33305, 1.13868, 1.32003, 1.68328, 1.45742, 1.21404, 1.11275, 1.13745, 1.3049, 1.18679, 1.24688, 1.21221, 1.20893, 1.3078, 1.34798, 1.58217, 1.27467, 1.2152, 1.12761, 1.27382, 1.1042, 1.26643, 1.28055, 1.52705, 1.54794, 1.37031, 1.32241, 1.3936, 1.28189, 1.5102, 1.34387, 1.10659, 1.12175, 1.13252, 1.20129, 1.27255, 1.33965, 1.10237, 1.16104, 1.08349, 1.16873, 0.91526, 1.05692, 1.06329, 1.16054, 1.10211, 1.35581, 1.11713, 1.1067, 1.0873, 1.05541, 1.054, 0.95814, 0.87902, 0.97361, 1.32611, 1.01226, 0.86552, 0.98428, 1.06345, 0.89894, 0.91128, 0.88131, 0.79366, 0.8641, 0.79329, 1.2145, 0.95983, 0.97116, 0.83948, 0.85652, 0.80206, 1.05299, 1.04961, 1.29439, 1.25886, 1.07979, 1.27731, 1.09784, 1.31547, 1.36637, 1.27483, 1.25575, 1.22163, 1.18471, 1.2363, 1.32015, 1.50089, 1.44089, 1.33297, 1.23988, 1.21358, 1.06131, 1.1074, 1.42574, 1.22765, 1.19309, 1.11213, 1.00775, 1.03034, 0.98672, 0.97254, 1.09502, 1.0023, 0.95232, 0.9002, 0.9496, 1.12252, 1.12802, 1.29539, 1.26653, 1.15045, 1.25725, 1.00829, 1.06133, 1.08645, 1.39144, 1.26689, 1.26148, 1.34178, 1.34124, 1.37969, 1.28679, 1.10544, 1.3426, 1.58093, 1.39084, 1.32704, 1.30442, 1.13467, 1.0168, 1.29654, 1.2453, 1.31632, 1.26367, 0.96277, 1.10363, 0.96086, 1.0548, 1.16432, 1.25498, 1.1798, 1.13975, 1.14006, 1.04453, 1.22471, 1.05815, 0.97599, 1.00503, 1.05063, 1.07507, 0.96899, 1.12788, 1.19976, 0.93338, 1.2241, 1.11713, 0.93961, 0.79416, 0.97572, 0.93247, 0.84365, 1.15082, 1.25913, 1.10048, 1.24393, 1.21745, 1.20488, 1.13352, 1.04501, 1.23084, 1.40752, 1.40081, 1.27216, 1.20827, 1.39607, 1.28422, 1.2247, 1.20392, 1.2728, 1.27662, 1.27007, 1.18358, 1.11868, 1.01187, 1.10023, 0.96129, 1.04845, 1.05657, 0.80723, 0.79865, 1.03027, 1.0401, 0.86644, 0.87019, 1.04053, 1.31371, 1.27384, 1.18326, 1.16444, 1.06292, 1.17775, 1.02846, 1.1272, 1.35434, 1.23373, 1.18742, 1.2672, 1.3147, 1.23764, 1.39166, 1.34914, 1.06483, 1.04638, 1.09648, 1.14179, 1.12021, 1.16114, 0.92199, 0.99494, 1.0676, 0.95106, 1.02033, 1.00036, 0.92801, 1.09443, 0.96818, 1.04886, 0.83646, 0.91023, 1.0161, 0.93231, 0.88692, 1.19797, 1.26693, 1.15673, 1.21882, 1.37294, 1.27165, 1.15357, 1.1959, 1.06889, 0.98634, 1.19489, 1.20196, 1.14969, 1.02665, 1.03498, 1.28167, 1.12267, 1.05481, 1.09702, 1.11503, 1.07755, 1.14863, 1.18489, 1.11556, 0.95507, 0.9302, 0.94061, 0.99566, 0.8307, 0.90617, 1.01146, 0.98372, 0.8773, 0.87523, 1.10234, 1.14755, 0.96569, 0.83613, 1.30973, 0.94083, 1.16482, 1.03813, 1.14019, 1.63864, 1.54231, 1.35675, 1.14116, 1.03546, 1.25425, 1.3475, 1.12528, 1.06016, 0.94808, 1.10218, 1.011, 1.06831, 1.19141, 1.15333, 1.18368, 1.13728, 1.09659, 1.23492, 1.23019, 1.44097, 1.23696, 1.24895, 1.09813, 1.23373, 1.44327, 1.3756, 1.61032, 1.5753, 1.71927, 1.66459, 1.45574, 1.41577, 1.31454, 1.18757, 1.11692, 1.18017, 1.06658, 1.09015, 0.96156, 1.18748, 1.1292, 0.98129, 0.97419, 0.99116, 1.00817, 0.9613, 0.88466, 0.89774, 1.03411, 0.85443, 0.73226, 0.74266, 0.76303, 0.97835, 0.82019, 1.50725, 1.13146, 1.05808, 1.20334, 1.3281, 1.2906, 1.16392, 1.03915, 1.35291, 1.26025, 1.08006, 1.21523, 1.33998, 1.23809, 1.50089, 1.44926, 1.77405, 1.60806, 1.47859, 1.45187, 1.68164, 1.38935, 1.16176, 1.21024, 1.17606, 1.48242, 1.25652, 1.27519, 1.53306, 1.79214, 1.64605, 1.75064, 1.40465, 1.66042, 1.56613, 1.5746, 1.5606, 1.70862, 1.49264, 1.42478, 1.33741, 1.21924],