{"settings": {"minGameScore": 2736, "TAU": 0.001, "minGameScoreRatio": 0.95, "batchSize": 256, "nGamesPerSave": 50, "nEpochs": 1, "minGameSequence": 500, "nModelBackups": 3, "gameMinutesLength": 2880, "dequeSize": 50000, "learningRate": 0.001, "gamma": 0.95, "trainSetSize": 256}, "args": {"random": true, "gpuFrac": 0.3, "sequential": false, "gpuNum": 1, "settings": "/home/yochaiz/SmartHome/Reinforcement/settings.json"}, "results": {"loss": [82.65093, 55.47629, 35.16508, 39.95997, 31.57846, 25.18589, 22.52316, 19.22906, 18.07771, 16.29811, 15.33561, 15.09401, 15.04826, 13.60907, 13.04488, 12.72423, 12.67507, 11.91881, 11.20623, 10.98698, 9.94375, 10.91369, 9.71283, 9.24364, 8.93577, 8.08325, 8.17382, 7.68395, 7.14355, 7.72047, 6.88559, 7.10716, 7.08549, 7.10866, 6.69257, 6.39382, 7.16257, 6.5611, 6.14484, 5.55366, 5.45175, 5.76454, 6.30846, 6.13497, 5.64552, 5.5906, 5.19336, 5.33403, 4.9177, 4.66824, 4.75623, 5.03325, 5.08338, 4.78204, 4.45933, 4.42596, 4.6597, 4.41908, 4.27918, 4.54358, 4.47222, 4.06721, 3.9054, 3.70721, 4.12796, 3.87661, 3.67987, 4.06658, 4.10218, 4.14003, 3.75525, 3.62894, 3.8138, 4.03537, 4.43952, 3.78028, 4.05363, 3.87826, 3.48716, 3.71518, 4.09595, 3.57353, 3.6426, 3.50213, 3.51859, 3.71062, 3.71393, 3.65553, 3.33352, 3.34534, 3.90576, 3.50489, 3.37569, 3.1616, 3.44709, 3.23087, 3.34479, 3.06013, 3.12449, 2.95954, 3.19952, 3.04746, 2.85373, 2.90046, 2.78706, 2.74677, 2.79123, 2.75634, 2.6911, 2.59557, 2.96347, 2.65956, 2.88519, 2.67684, 2.53861, 2.46278, 2.2407, 2.44015, 2.69802, 2.35791, 2.41527, 2.4076, 2.07374, 2.11324, 2.01461, 2.66145, 2.26343, 2.50137, 2.83172, 2.42407, 2.19105, 2.25506, 2.41817, 2.09806, 2.13629, 2.19595, 2.62917, 2.33398, 2.46839, 2.38874, 2.37881, 2.58403, 2.50959, 2.53864, 2.42651, 2.46112, 2.2741, 2.3467, 2.52548, 2.27496, 2.29268, 2.33318, 2.14015, 2.51319, 2.4783, 2.18919, 2.6144, 2.44808, 2.2013, 2.51328, 2.26591, 2.11004, 2.30933, 2.07082, 2.22223, 2.0742, 2.15829, 2.23919, 2.16202, 2.07653, 2.06022, 1.96955, 2.02972, 2.03688, 1.99311, 1.81402, 1.83388, 1.74866, 1.83134, 1.65165, 1.85741, 1.65144, 1.66078, 1.56792, 1.45227, 1.48222, 1.54865, 1.83207, 1.61649, 1.52958, 1.57489, 1.58058, 1.65712, 1.54059, 1.56648, 1.5762, 1.54883, 1.67378, 1.76976, 1.76211, 1.6329, 1.6307, 1.69047, 1.60939, 1.65087, 1.81786, 1.69741, 1.79492, 1.60337, 1.79532, 1.69987, 1.84771, 1.97216, 1.74463, 1.71008, 1.86768, 1.86346, 1.73479, 1.94438, 1.77691, 1.59816, 2.11952, 2.11236, 2.09884, 1.71799, 1.68964, 1.67346, 1.5253, 1.45887, 1.36973, 1.29844, 1.49906, 1.7378, 1.54154, 1.49938, 1.27462, 1.53933, 1.76296, 2.11945, 1.9498, 1.68011, 1.50976, 1.45065, 1.73527, 1.56234, 1.69697, 1.6111, 1.64958, 1.7114, 1.66683, 1.58473, 1.58032, 1.55053, 1.55057, 1.39147, 1.42379, 1.47169, 1.56499, 1.28574, 1.4955, 1.46936, 1.48669, 1.36824, 1.436, 1.42876, 1.38674, 1.4646, 1.25718, 1.29945, 1.30661, 1.34729, 1.50962, 1.51902, 1.73226, 1.52806, 1.38221, 1.39057, 1.23769, 1.47756, 1.43648, 1.33679, 1.32606, 1.51042, 1.43186, 1.34509, 1.29244, 1.48504, 1.72274, 1.56155, 1.60888, 1.40859, 1.38687, 1.33805, 1.30984, 1.31399, 1.38494, 1.21024, 1.18354, 1.22795, 1.04993, 1.11932, 1.10395, 1.20421, 1.07067, 1.05186, 1.14193, 1.07534, 0.8826, 0.86372, 1.24365, 1.33241, 1.25823, 1.26358, 1.31304, 1.17502, 1.1105, 1.34358, 1.14804, 1.32048, 1.26722, 1.19546, 1.078, 1.13626, 1.14398, 1.19289, 1.16071, 1.40048, 1.45759, 1.30295, 1.31823, 1.53417, 1.26116, 1.36206, 1.45208, 1.47828, 1.33305, 1.13868, 1.32003, 1.68328, 1.45742, 1.21404, 1.11275, 1.13745, 1.3049, 1.18679, 1.24688, 1.21221, 1.20893, 1.3078, 1.34798, 1.58217, 1.27467, 1.2152, 1.12761, 1.27382, 1.1042, 1.26643, 1.28055, 1.52705, 1.54794, 1.37031, 1.32241, 1.3936, 1.28189, 1.5102, 1.34387, 1.10659, 1.12175, 1.13252, 1.20129, 1.27255, 1.33965, 1.10237, 1.16104, 1.08349, 1.16873, 0.91526, 1.05692, 1.06329, 1.16054, 1.10211, 1.35581, 1.11713, 1.1067, 1.0873, 1.05541, 1.054, 0.95814, 0.87902, 0.97361, 1.32611, 1.01226, 0.86552, 0.98428, 1.06345, 0.89894, 0.91128, 0.88131, 0.79366, 0.8641, 0.79329, 1.2145, 0.95983, 0.97116, 0.83948, 0.85652, 0.80206, 1.05299, 1.04961, 1.29439, 1.25886, 1.07979, 1.27731, 1.09784, 1.31547, 1.36637, 1.27483, 1.25575, 1.22163, 1.18471, 1.2363, 1.32015, 1.50089, 1.44089, 1.33297, 1.23988, 1.21358, 1.06131, 1.1074, 1.42574, 1.22765, 1.19309, 1.11213, 1.00775, 1.03034, 0.98672, 0.97254, 1.09502, 1.0023, 0.95232, 0.9002, 0.9496, 1.12252, 1.12802, 1.29539, 1.26653, 1.15045, 1.25725, 1.00829, 1.06133, 1.08645, 1.39144, 1.26689, 1.26148, 1.34178, 1.34124, 1.37969, 1.28679, 1.10544, 1.3426, 1.58093, 1.39084, 1.32704, 1.30442, 1.13467, 1.0168, 1.29654, 1.2453, 1.31632], "score": [2254, 2276, 2314, 2243, 2441, 2359, 2353, 2445, 2508, 2546, 2600, 2495, 2561, 2563, 2599, 2427, 2621, 2639, 2601, 2608, 2643, 2500, 2589, 2544, 2643, 2641, 2619, 2559, 2669, 2472, 2670, 2571, 2641, 2560, 2700, 2621, 2595, 2713, 2695, 2711, 2704, 2577, 2610, 2657, 2704, 2673, 2714, 2689, 2734, 2657, 2599, 2683, 2658, 2680, 2742, 2708, 2658, 2737, 2718, 2706, 2680, 2728, 2731, 2750, 2660, 2730, 2752, 2693, 2690, 2686, 2761, 2722, 2741, 2685, 2735, 2770, 2656, 2699, 2764, 2677, 2695, 2727, 2744, 2737, 2745, 2722, 2719, 2743, 2775, 2733, 2665, 2766, 2712, 2770, 2741, 2763, 2702, 2727, 2751, 2760, 2730, 2764, 2773, 2760, 2780, 2765, 2726, 2780, 2778, 2780, 2740, 2798, 2703, 2712, 2775, 2788, 2765, 2674, 2772, 2764, 2787, 2772, 2797, 2792, 2790, 2643, 2795, 2697, 2703, 2801, 2788, 2699, 2794, 2780, 2793, 2775, 2686, 2693, 2793, 2794, 2764, 2749, 2745, 2785, 2789, 2745, 2757, 2753, 2747, 2785, 2774, 2808, 2780, 2727, 2769, 2763, 2746, 2771, 2815, 2725, 2781, 2760, 2798, 2791, 2782, 2784, 2793, 2756, 2780, 2787, 2773, 2782, 2791, 2760, 2786, 2801, 2786, 2797, 2777, 2788, 2734, 2813, 2782, 2778, 2800, 2759, 2809, 2691, 2799, 2807, 2765, 2807, 2751, 2779, 2825, 2765, 2811, 2777, 2783, 2811, 2753, 2794, 2793, 2787, 2798, 2780, 2777, 2787, 2804, 2791, 2771, 2755, 2758, 2809, 2797, 2785, 2769, 2795, 2785, 2830, 2789, 2800, 2765, 2761, 2805, 2791, 2798, 2798, 2804, 2812, 2811, 2787, 2769, 2772, 2805, 2822, 2764, 2803, 2718, 2793, 2815, 2813, 2789, 2758, 2821, 2791, 2815, 2819, 2784, 2797, 2802, 2813, 2800, 2783, 2815, 2794, 2757, 2801, 2832, 2795, 2781, 2822, 2747, 2817, 2802, 2799, 2774, 2829, 2792, 2779, 2759, 2788, 2796, 2731, 2807, 2786, 2816, 2804, 2774, 2807, 2800, 2797, 2804, 2790, 2796, 2828, 2767, 2765, 2773, 2784, 2795, 2794, 2804, 2807, 2817, 2780, 2831, 2827, 2811, 2815, 2811, 2813, 2783, 2813, 2795, 2810, 2825, 2833, 2835, 2713, 2800, 2811, 2811, 2774, 2827, 2840, 2735, 2832, 2739, 2826, 2818, 2844, 2771, 2812, 2802, 2827, 2768, 2705, 2784, 2772, 2808, 2817, 2745, 2818, 2778, 2814, 2818, 2765, 2806, 2719, 2834, 2824, 2789, 2807, 2807, 2778, 2801, 2824, 2799, 2773, 2754, 2821, 2823, 2815, 2813, 2817, 2748, 2780, 2706, 2776, 2837, 2806, 2811, 2835, 2781, 2803, 2829, 2813, 2831, 2809, 2772, 2796, 2820, 2816, 2814, 2809, 2819, 2813, 2816, 2794, 2823, 2739, 2819, 2825, 2809, 2765, 2782, 2820, 2845, 2759, 2728, 2812, 2833, 2813, 2816, 2834, 2831, 2836, 2818, 2817, 2840, 2728, 2832, 2784, 2830, 2844, 2827, 2723, 2809, 2750, 2831, 2819, 2773, 2808, 2728, 2779, 2824, 2813, 2792, 2800, 2803, 2822, 2780, 2802, 2821, 2816, 2815, 2845, 2812, 2767, 2819, 2807, 2809, 2835, 2804, 2813, 2846, 2818, 2805, 2838, 2817, 2824, 2713, 2821, 2778, 2801, 2782, 2825, 2826, 2798, 2828, 2767, 2792, 2782, 2813, 2790, 2790, 2806, 2806, 2781, 2782, 2782, 2821, 2794, 2827, 2838, 2733, 2811, 2771]}, "Actor": {"epsilon_decay": 0.99, "epsilon": 1.0, "curBackupIdx": 0, "epsilon_min": 0.01, "TAU": 0.001, "nBackups": 3, "k": 10, "actionDim": 5}, "Critic": {"TAU": 0.001, "nBackups": 3, "curBackupIdx": 0, "actionDim": 5}, "policy": {"numOfDevices": 5, "stateDim": [1, 8], "seqLen": 1, "policyJSON": {"10": [{"days": "weekdays", "times": [["21:00", "23:29"]]}, {"days": [5], "times": [["21:00", "23:29"]]}], "6": [{"days": "weekdays", "times": [["20:40", "23:59"], ["00:00", "00:14"]]}, {"days": [4],