{"settings": {"minGameScore": 2736, "TAU": 0.001, "minGameScoreRatio": 0.95, "batchSize": 256, "nGamesPerSave": 50, "nEpochs": 1, "minGameSequence": 500, "nModelBackups": 3, "gameMinutesLength": 2880, "dequeSize": 50000, "learningRate": 0.001, "gamma": 0.95, "trainSetSize": 256}, "args": {"random": true, "gpuFrac": 0.3, "sequential": false, "gpuNum": 1, "settings": "/home/yochaiz/SmartHome/Reinforcement/settings.json"}, "results": {"loss": [82.65093, 55.47629, 35.16508, 39.95997, 31.57846, 25.18589, 22.52316, 19.22906, 18.07771, 16.29811, 15.33561, 15.09401, 15.04826, 13.60907, 13.04488, 12.72423, 12.67507, 11.91881, 11.20623, 10.98698, 9.94375, 10.91369, 9.71283, 9.24364, 8.93577, 8.08325, 8.17382, 7.68395, 7.14355, 7.72047, 6.88559, 7.10716, 7.08549, 7.10866, 6.69257, 6.39382, 7.16257, 6.5611, 6.14484, 5.55366, 5.45175, 5.76454, 6.30846, 6.13497, 5.64552, 5.5906, 5.19336, 5.33403, 4.9177, 4.66824, 4.75623, 5.03325, 5.08338, 4.78204, 4.45933, 4.42596, 4.6597, 4.41908, 4.27918, 4.54358, 4.47222, 4.06721, 3.9054, 3.70721, 4.12796, 3.87661, 3.67987, 4.06658, 4.10218, 4.14003, 3.75525, 3.62894, 3.8138, 4.03537, 4.43952, 3.78028, 4.05363, 3.87826, 3.48716, 3.71518, 4.09595, 3.57353, 3.6426, 3.50213, 3.51859, 3.71062, 3.71393, 3.65553, 3.33352, 3.34534, 3.90576, 3.50489, 3.37569, 3.1616], "score": [2254, 2276, 2314, 2243, 2441, 2359, 2353, 2445, 2508, 2546, 2600, 2495, 2561, 2563, 2599, 2427, 2621, 2639, 2601, 2608, 2643, 2500, 2589, 2544, 2643, 2641, 2619, 2559, 2669, 2472, 2670, 2571, 2641, 2560, 2700, 2621, 2595, 2713, 2695, 2711, 2704, 2577, 2610, 2657, 2704, 2673, 2714, 2689, 2734, 2657, 2599, 2683, 2658, 2680, 2742, 2708, 2658, 2737, 2718, 2706, 2680, 2728, 2731, 2750, 2660, 2730, 2752, 2693, 2690, 2686, 2761, 2722, 2741, 2685, 2735, 2770, 2656, 2699, 2764, 2677, 2695, 2727, 2744, 2737, 2745, 2722, 2719, 2743, 2775, 2733, 2665, 2766, 2712, 2770]}, "Actor": {"epsilon_decay": 0.99, "epsilon": 1.0, "curBackupIdx": 0, "epsilon_min": 0.01, "TAU": 0.001, "nBackups": 3, "k": 10, "actionDim": 5}, "Critic": {"TAU": 0.001, "nBackups": 3, "curBackupIdx": 0, "actionDim": 5}, "policy": {"numOfDevices": 5, "stateDim": [1, 8], "seqLen": 1, "policyJSON": {"10": [{"days": "weekdays", "times": [["21:00", "23:29"]]}, {"days": [5], "times": [["21:00", "23:29"]]}], "6": [{"days": "weekdays", "times": [["20:40", "23:59"], ["00:00", "00:14"]]}, {"days": [4], "times": [["00:00", "00:14"]]}, {"days": [5], "times": [["21:00", "23:59"]]}], "weekdays": [0, 1, 2, 3, 6], "Devices": ["Room light1", "Room light2", "Room light3 (backdoor)", "Kitchen light", "Toilets light"], "days": ["Monday", "Tuesday", "Wednesday", "Thursday", "Friday", "Saturday", "Sunday"], "1": [{"days": [0, 1, 2, 3, 6], "times": [["08:30", "08:59"], ["20:30", "21:29"]]}, {"days": [4], "times": [["10:00", "13:29"]]}, {"days": [5], "times": [["18:00", "18:59"]]}], "0": [{"days": [0, 1, 2, 3, 6], "times": [["00:00", "00:29"], ["08:00", "08:59"], ["20:30", "23:59"]]}, {"days": [4], "times": [["00:00", "00:59"], ["09:30", "13:29"]]}, {"days": [5], "times": [["18:00", "23:59"]]}], "3": [{"days": [0, 1, 2, 3, 6], "times": [["08:30", "08:44"], ["20:45", "21:29"], ["23:15", "23:44"]]}, {"days": [4], "times": [["10:00", "10:59"], ["12:45", "13:14"]]}, {"days": [5], "times": [["18:00", "19:59"], ["21:00", "23:14"]]}], "2": [{"days": [0, 1, 2, 3, 6], "times": [["00:30", "01:09"]]}, {"days": [4], "times": [["00:30", "01:09"]]}], "5": [{"days": "weekdays", "times": [["08:35", "08:42"], ["21:09", "21:11"], ["00:05", "00:24"]]}, {"days": [4], "times": [["10:18", "10:29"], ["00:05", "00:24"]]}, {"days": [5], "times": [["19:09", "19:09"], ["21:34", "21:34"]]}], "4": [{"days": [0, 1, 2, 3, 6], "times": [["08:30", "08:34"], ["21:05", "21:08"]]}, {"days": [4], "times": [["10:10", "10:17"]]}, {"days": [5], "times": [["19:05", "19:08"], ["21:20", "21:33"]]}], "7": [{"days": "weekdays", "times": [["20:40", "23:59"], ["00:00", "00:14"]]}, {"days": [4], "times": [["00:00", "00:14"]]}, {"days": [5], "times": [["21:00", "23:59"]]}], "Time format": "%H:%M", "9": [{"days": "weekdays", "times": [["09:00", "09:00"], ["20:30", "20:30"]]}, {"days": [4], "times": [["13:29", "13:29"]]}, {"days": [5], "times": [["18:00", "18:00"]]}], "8": [{"days": "weekdays", "times": [["20:31", "20:54"]]}, {"days": [5], "times": [["18:00", "18:59"]]}], "weekend": [4, 5]}}}