{"settings": {"minGameScore": 2736, "TAU": 0.001, "minGameScoreRatio": 0.95, "batchSize": 256, "nGamesPerSave": 10, "nEpochs": 1, "minGameSequence": 500, "nModelBackups": 3, "gameMinutesLength": 2880, "dequeSize": 50000, "learningRate": 0.001, "gamma": 0.95, "trainSetSize": 128}, "args": {"random": true, "gpuFrac": 0.3, "sequential": false, "gpuNum": 0, "settings": "/home/yochaiz/SmartHome/Reinforcement/settings.json"}, "results": {"loss": [98.1267, 67.6689, 49.18171, 34.82025, 30.45747, 26.66444, 25.91288, 23.11024, 22.76743, 19.84511, 17.44356, 17.92245, 16.42697, 15.45713, 14.63833, 15.30602, 14.45134, 16.02322, 15.3153, 14.35373, 13.54171, 13.55778, 12.78577, 12.91372, 12.43354, 11.84425, 11.92339, 11.58466, 11.24013, 10.15454, 12.31485, 11.55257, 11.37178, 11.02624, 10.12884, 9.65008, 10.01761, 9.58966, 8.99273, 8.94892, 8.18556, 8.14003, 7.90376, 8.15144, 7.74986, 7.08205, 7.0584, 7.26388, 7.0813, 7.65642, 6.95554, 6.37306, 6.79122, 6.89292, 6.91861, 6.17314, 6.21228, 6.28473, 6.29261, 6.20116, 6.85969, 6.90597, 6.80471, 6.61873, 6.42093, 6.29456, 5.73344, 6.09301, 5.70798, 6.01022, 5.78572, 5.94747, 5.57825, 5.70302, 5.3228, 5.3264, 5.25327, 5.33793, 5.27014, 5.10724, 5.10095, 4.8701, 4.77011, 4.68665, 4.70554, 4.30037, 4.35318, 4.48958, 3.92971, 4.13326, 4.05238, 4.22735, 4.03251, 4.09385, 4.79782, 4.24482, 4.3287, 4.14956, 4.04617, 4.30706, 3.9858, 4.33791, 4.15398, 4.14874, 3.92923, 4.06659, 4.26454, 3.9674, 3.66028, 3.43767, 3.29952, 3.92147, 3.32846, 3.10483, 3.38271, 3.43538, 3.23907, 3.32095, 3.23157, 3.24853, 3.14623, 3.56209, 3.0778, 2.94901, 2.96768, 2.88045, 2.95692, 2.82819, 2.68444, 2.65904, 2.98289, 3.23369, 2.68566, 2.53948, 2.34748, 2.63103, 2.76882, 2.65068, 2.99103, 2.97294, 2.69355, 2.60861, 2.518, 2.58829, 2.63356, 2.69474, 2.73808, 2.73797, 2.40855, 2.81742, 2.72742, 2.7679, 2.69172, 2.33673, 2.35629, 2.55149, 2.41957, 2.00966, 2.19467, 2.56199, 2.34291, 2.32132, 2.29173, 3.05141, 2.28891, 2.10396, 2.4187, 2.22083, 2.31457, 2.24655, 2.20753, 2.38976, 2.15375, 2.57948, 2.5851, 2.30069, 2.7431, 2.30266, 2.39635, 2.56178, 2.29225, 2.31912, 2.40117, 2.32596, 2.31536, 2.3209, 2.05746, 2.04883, 2.58664, 2.55748, 2.20114, 2.40535, 2.11302, 2.16816, 2.05374, 2.26037, 2.27204, 1.78926, 1.69953, 1.62635, 1.84697, 1.70119, 1.99421, 1.89703, 2.10571, 1.90731, 2.20141, 1.83695, 1.88196, 1.85702, 1.69565, 1.88714, 1.61615, 1.63443, 1.65614, 1.65854, 1.48952, 1.46398, 1.52961, 1.49391, 1.52455, 1.37847, 1.35676, 1.35183, 1.79129, 1.87699, 1.82597, 1.82292, 1.55228, 1.57256, 1.76538, 1.76626, 1.98904, 2.19661, 2.07611, 1.90757, 2.12811, 1.96246, 1.89418, 2.10346, 1.90666, 1.94422, 1.91067, 2.17491, 1.90796, 2.22316, 1.96648, 1.84721, 1.9324, 1.94241, 2.02542, 1.81671, 1.62218, 1.85574, 1.92583, 2.05112, 1.93908, 1.80055, 1.90321, 1.94539, 1.86968, 1.75381, 1.68905, 1.34961, 1.318, 1.82387, 1.36457, 1.67294, 1.91544, 1.80357, 1.57505, 1.58815, 1.56848, 1.74486, 1.4483, 1.44699, 1.40031, 1.39132, 1.48516, 1.2771, 1.17182, 1.04989, 1.00066, 1.57656, 1.56599, 1.40316, 1.48961, 1.62331, 1.45569, 1.35817, 1.29628, 1.15467, 1.18427, 1.15262, 1.45918, 1.59144, 1.30199, 1.17685, 1.54805, 1.50177, 1.33865, 1.52373, 1.24881, 1.18265, 1.32322, 1.31444, 1.3206, 1.70867, 1.8754, 1.6784, 1.53806, 1.89678, 1.61775, 1.78041, 1.74591, 1.54053, 1.51909, 1.70501, 1.4883, 1.48494, 1.35199, 1.41942, 1.60647, 1.44503, 1.29197, 1.1745, 1.34919, 1.17613, 1.37904, 1.30918, 1.53911, 1.48494, 1.76706, 1.51956, 1.4266, 1.45253, 2.36987, 1.82791, 1.96846, 1.88443, 1.62679, 1.69744, 1.77354, 1.70823, 1.80738, 1.687, 1.40745, 1.42595, 2.02698, 1.50512, 1.53133, 1.56034, 1.4063, 1.34936, 1.26313, 1.22192, 1.60101, 1.91192, 2.15022, 2.21256, 2.46161, 2.1203, 2.11347, 2.19633, 2.41575, 2.18955, 2.30349, 2.03849, 1.98761, 1.95739, 1.89318, 2.01244, 1.80091, 1.75099, 1.72053, 1.61794, 1.71403, 1.71609, 1.85463, 1.72756, 1.66377, 1.70107, 1.57427, 1.39176, 1.4801, 1.31002, 1.48221, 1.48946, 1.52676, 1.41271, 1.57206, 1.44586, 1.45712, 1.28258, 1.28766, 1.37536, 1.35183, 1.28008, 1.20739, 1.37676, 1.23028, 1.22707, 1.27592, 1.37089, 1.36195, 1.37267, 1.29821, 1.45325, 1.37583, 1.37425, 1.563, 1.43114, 1.40011, 1.57504, 1.63939, 1.95091, 2.16995, 2.62603, 1.96618, 1.86448, 1.84413, 2.34346, 1.91297, 1.94864, 1.87987, 1.76796, 1.96431, 1.96017, 1.84751, 1.94448, 2.18283, 1.90887, 1.73624, 1.60866, 1.98324, 1.96536, 1.95142, 1.8271, 2.16409, 1.75193, 1.75168, 1.68029, 1.43649, 1.48415, 1.5373, 1.43081, 1.24068, 1.49577, 1.52059, 1.58429, 1.58064, 1.91056, 1.45474, 1.4049, 1.43875, 1.389, 1.29301, 1.42774, 1.46724, 1.34588, 1.3138, 1.71438, 1.344, 1.89836, 1.72829, 1.54736, 1.40754, 1.63016, 1.51909, 1.48101, 1.69894, 1.27126, 1.73026, 1.89739, 1.74969, 1.47201, 1.62158, 1.69793, 1.86546, 1.935, 1.89944, 1.62748, 1.63399, 1.49413, 1.55697, 1.5864, 1.45659, 1.49877, 1.58899, 1.64192, 1.69205, 1.58639, 1.32936, 1.34799, 1.9212, 1.71018, 1.92212, 1.86256, 1.9444, 1.77075, 1.71952, 1.89802, 1.711, 2.13153, 1.80303, 1.53914, 1.67495, 1.70002, 1.99505, 1.84481, 1.75853, 1.72659, 1.8684, 1.54636, 1.64314, 1.95676, 1.81306, 2.1034, 2.10303, 2.0248, 2.06706, 1.8903, 2.04277, 2.42335, 2.24185, 2.06516, 1.70905, 1.85946, 2.11378, 1.99674, 2.10955, 1.95213, 1.85682, 1.66384, 1.66007, 1.48928, 1.44471, 1.35194, 1.47856, 1.29285, 1.48244, 1.29292, 1.35116, 1.39221, 1.40715, 1.46846, 1.39189, 1.28028, 1.29616, 1.5688, 1.40821, 1.3668, 1.5411, 1.3359, 1.40354, 1.51064, 1.26917, 1.73422, 1.80102, 1.57922, 1.50673, 1.71747, 1.68243, 1.63533, 1.6349, 1.62179, 1.4063, 1.52553, 1.59142, 1.37965, 2.0663, 1.97501, 1.56497, 1.66735, 1.60592, 1.86862, 1.69153, 1.7551, 1.62896, 1.92028, 2.10155, 1.83569, 1.49772, 1.73366, 1.45234, 1.69195, 1.86398, 1.5395, 1.89687, 1.43731, 1.26786, 0.94662, 1.435, 1.50994, 1.1368, 2.0792, 1.63164, 1.30483, 1.43952, 1.43219, 1.25289, 1.87859, 1.49476, 1.32213, 1.58776, 1.36879, 1.38822, 1.48614, 1.3893, 1.32301, 1.36418, 1.35063, 1.41484, 1.21016, 1.30716, 1.24794, 1.2149, 1.19503, 1.25248, 1.4033],