{"settings": {"minGameScore": 2736, "TAU": 0.001, "minGameScoreRatio": 0.95, "batchSize": 64, "nGamesPerSave": 10, "nEpochs": 1, "minGameSequence": 500, "nModelBackups": 3, "gameMinutesLength": 2880, "dequeSize": 50000, "learningRate": 0.001, "gamma": 0.95, "trainSetSize": 64}, "args": {"settings": "/home/yochaiz/SmartHome/Reinforcement/settings.json", "k": null, "random": true, "sequential": false, "gpuNum": 0, "gpuFrac": 0.45, "desc": "\"default knn size, ResNet architecture with ~10 layers\""}, "results": {"loss": [65.89054, 72.09194, 77.30259, 58.50295, 47.83337, 48.32717, 42.41215, 39.21723, 35.7308, 32.51858, 29.33026, 29.92486, 32.72217, 27.22071, 29.91445, 36.19656, 28.5974, 26.92673, 26.47728, 29.33582, 30.87601, 30.44683, 29.27377, 25.90731, 26.3769, 28.22839, 26.47957, 29.58661, 23.96993, 26.85439, 23.41168, 21.20649, 29.66956, 25.09181, 20.44467, 18.82674, 18.45445, 19.59845, 20.22469, 17.77848, 16.73175, 16.36822, 17.43564, 17.40684, 19.91201, 15.2509, 19.17285, 14.40959, 17.16253, 16.96358, 14.87008, 14.00389, 14.23319, 13.74106, 14.6059, 14.6996, 12.86706, 16.30067, 15.07996, 13.08612, 12.75167, 13.44975, 12.71091, 15.01595, 14.84825, 15.5079, 15.41026, 15.18812, 20.83203, 22.80566, 18.12631, 16.77647, 14.3965, 13.99217, 19.76466, 16.91885, 14.59488, 12.46117, 12.35775, 11.97351, 11.87365, 12.57592, 11.32764, 12.96516, 12.10695, 11.30485, 10.88138, 9.29167, 11.54026, 11.04676, 10.40297, 11.91095, 9.67489, 9.15375, 9.46506, 9.88612, 11.10424, 12.05534, 10.68035, 10.32893, 9.62158, 10.62368, 10.27988, 9.90332, 15.01632, 13.19029, 9.50222, 11.51457, 11.07269, 10.10441, 11.81669, 11.61353, 11.88214, 11.18375, 9.39569, 10.15318, 9.51465, 9.80611, 8.99408, 10.49764, 10.09612, 8.66838, 9.13402, 8.89115, 8.56899, 9.63924, 8.86528, 9.8957, 8.17474, 8.76784, 8.69221, 11.38894, 8.90576, 10.30266, 7.8519, 9.07879, 9.11267, 7.52651, 7.85657, 7.44563, 6.50541, 8.79149, 8.78245, 9.13983, 8.73725, 7.76446, 8.50676, 7.3485, 8.06276, 8.62383, 6.96616, 7.89807, 6.74763, 7.22599, 7.16533, 7.95056, 6.74672, 6.98571, 7.83944, 6.78043, 7.46912, 7.1739, 7.05429, 6.41213, 6.9141, 6.76575, 7.55673, 6.64969, 15.34617, 12.05586, 9.16003, 9.30806, 11.28965, 9.89008, 9.97463, 9.50928, 10.46353, 11.64215, 10.19368, 11.3662, 8.74208, 10.16167, 9.29018, 8.41411, 11.09383, 8.95572, 10.80705, 10.79561, 10.92604, 18.45749, 17.15189, 16.18492, 14.41, 15.40912, 20.54868, 22.88645, 17.36716, 14.92777, 14.92644, 11.80568, 13.19378, 13.00794, 11.54217, 11.89624, 10.02791, 10.10469, 13.73167, 11.4799, 15.45848, 17.91405, 15.02682, 24.03741, 15.99625, 16.0201, 24.32692, 15.38319, 14.06252, 12.00949, 11.97393, 11.81239, 12.92688, 11.4246, 11.84598, 15.18009, 10.53108, 10.60503, 9.44869, 9.82686, 10.24627, 10.02529, 9.45769, 9.36548, 9.07745, 7.57881, 9.17688, 6.90165, 8.91479, 10.2137, 9.6703, 8.91327, 8.79526, 10.97325, 17.2581, 13.66682, 14.41087, 16.96442, 10.29805, 13.47053, 18.69063, 20.74286, 23.78851, 25.13387, 26.49302, 27.77335, 23.74731, 24.69823, 22.13964, 20.88069, 30.77988, 36.08945, 30.37299, 35.6198, 40.71574, 45.36691, 32.04855, 40.53656, 43.00503, 46.30639, 34.5567, 34.40847, 30.66773, 38.17448, 37.92444, 37.18223, 29.95714, 31.12515, 21.46822, 39.11218, 26.80271, 25.72726, 21.53023, 40.16742, 43.45587, 31.83262, 37.37956, 37.69654, 32.30451, 32.53708, 37.3015, 32.00537, 27.83199, 31.47427, 37.11986, 39.40016, 33.61634, 38.33434, 41.13095, 40.21508, 59.0603, 45.65216, 44.51747, 50.63411, 61.61859, 70.32379, 79.29476, 57.2819, 50.67456, 50.29138, 45.41362, 44.83725, 50.83281, 51.36549, 62.25588, 69.76626, 53.75393, 49.99408, 46.90697, 55.41695, 93.34006, 179.40693, 168.48772, 158.63389, 148.46058, 133.91094, 123.69565, 113.75309, 106.07251, 112.76903, 105.03606, 102.11533, 98.02221, 102.06665, 82.39591, 56.3088, 35.569, 36.0757, 27.05827, 60.26148, 36.29488, 20.48233, 16.40972, 15.97944, 15.00938, 15.18569, 11.93415, 10.92012, 10.83828, 9.82131, 9.44793, 9.25417, 9.95483, 8.73815, 8.09736, 8.67806, 7.4878, 8.32065, 8.72069, 8.0794, 8.76704, 8.09499, 13.05686, 10.99474, 8.00632, 7.90083, 8.11894, 8.03198, 10.18685, 7.66752, 7.78674, 7.94271, 10.29832, 8.05078, 7.91566, 7.41402, 7.46398, 8.2004, 8.15013, 8.11458, 6.88918, 6.82114, 7.21714, 6.32903, 6.16899, 6.86666, 6.75781, 6.40918, 6.90406, 5.80709, 6.02013, 9.88431, 6.80589, 8.69311, 7.19946, 5.84076, 5.63638, 7.98161, 6.04972, 5.53953, 6.12101, 5.83113, 6.32473, 6.4958, 5.55979, 6.20756, 5.3121, 5.30855, 5.23475, 5.76126, 6.03666, 5.32933, 5.60504, 5.97065, 5.07753, 9.555, 6.77958, 5.68468, 5.58583, 5.1372, 5.64375, 5.37238, 6.31774, 5.32245, 5.22985, 5.3364, 5.48233, 5.16999, 5.42706, 4.35687, 5.87272, 4.33476, 4.80511, 4.37429, 4.34137, 4.70624, 5.49954, 4.35106, 4.96904, 6.33963, 11.2366, 4.51385, 4.21868, 4.3341, 4.31296, 4.73936, 4.69605, 4.50384, 4.58608, 5.96173, 3.77807, 3.96265, 3.99853, 785.81437, 11.36565, 11.98161, 15.03579, 10.09476, 8.48531, 7.74381, 5.16238, 4.50071, 9.73278, 8.62978, 11.40683, 11.14463, 6.37987, 4.96246, 6.31118, 6.62403, 10.36427, 11.75946, 6.94449, 5.37079, 5.89514, 4.89418, 4.72102, 10.82398, 6.68259, 5.81447, 5.25192, 5.95054, 6.46919, 6.05569, 5.42626, 5.48343, 5.8628, 6.43843, 5.91943, 5.18421, 4.78839, 4.79854, 4.77646, 4.37486, 5.20806, 5.02873, 5.36344, 8.10004, 7.42562, 5.39687, 7.25897, 5.37373, 4.71778, 5.07496, 5.86769, 4.19136, 4.74614, 4.45994, 5.29177, 4.47643, 5.14706, 3.96666, 4.2566, 3.92068, 3.95881, 4.16634, 4.28162, 3.89637, 4.56032, 4.36351, 3.95519, 4.07485, 4.6744, 5.31211, 5.81314, 9.59876, 6.73857, 4.15646, 4.7365, 5.03618, 4.69258, 3.87749, 4.02327, 4.73622, 5.38648, 8.29595, 8.95831, 4.93372, 4.37661, 6.73331, 4.83458, 6.15332, 4.64425, 4.16636, 4.09425, 4.87681, 4.25387, 3.97258, 4.44501, 3.98758, 4.8292, 29.24569, 13.41047, 8.46825, 6.27379, 5.54323, 7.81028, 5.7693, 4.95251, 5.31503, 6.34715, 6.05936, 5.76021, 4.20821, 4.05513, 4.74119, 4.59531, 4.51191, 4.65391, 4.59619, 5.0307, 5.79925, 6.31224],