{"settings": {"minGameScore": 2736, "TAU": 0.001, "minGameScoreRatio": 0.95, "batchSize": 64, "nGamesPerSave": 50, "nEpochs": 1, "minGameSequence": 500, "nModelBackups": 3, "gameMinutesLength": 2880, "dequeSize": 50000, "learningRate": 0.001, "gamma": 0.95, "trainSetSize": 64}, "args": {"settings": "/home/yochaiz/SmartHome/Reinforcement/settings.json", "k": null, "random": true, "sequential": false, "gpuNum": 0, "gpuFrac": 0.45, "desc": "\"default knn size, ResNet architecture with ~34 layers\""}, "results": {"loss": [78591.61472, 4066.15015, 3327.79138, 3200.87871, 3208.28331, 3076.76425, 2816.93098, 2568.63747, 2274.13209, 2010.90909, 2065.60674, 2022.97458, 1791.5836, 1707.61298, 1690.86659, 1498.215, 1545.60227, 1548.79264, 1475.83855, 1368.97375, 1313.10229, 1312.91114, 1332.73461, 1208.31071, 1347.9139, 1432.14972, 1507.28321, 1336.70739, 3657.83884, 2394.18213, 2050.64907, 1729.35099, 1543.47757, 1592.54428, 1517.55457, 1441.74268, 1354.11372, 1785.41055, 1465.21907, 1245.21471, 1377.29893, 1418.59581, 1389.27242, 2195.28779, 1490.67728, 1489.85677, 1201.02714, 1643.93316, 1090.07019, 1213.91485, 2554.84345, 2375.12927, 1800.42218, 1385.57475, 1375.07253, 1362.04745, 1092.69515, 675.26529, 1400.49223, 1518.18287, 1156.76275, 1094.08423, 701.62853, 1028.03512, 911.80554, 724.09263, 1123.46125, 1576.67486, 1250.26904, 1116.52985, 961.37006, 1120.1771, 1357.64932, 912.94815, 882.17098, 966.43706, 745.01643, 821.11994, 1086.3897, 823.46046, 1128.55771, 1135.61651, 654.83749, 818.3908, 827.15346, 921.21089, 3438.33572, 1780.93685, 1549.22918, 1362.21501, 1498.94798, 1055.43106, 1106.3274, 1005.91777, 1489.63065, 1201.85826, 1067.99145, 1747.96746, 1010.21653, 934.37249, 1155.44508, 791.1324, 742.2073, 819.81836, 1051.88761, 672.85711, 1054.65212, 1278.67484, 791.99053, 934.58054, 1127.31844, 1014.53805, 1192.86795, 856.84937, 999.92605, 1014.86093, 874.39951, 1142.20885, 1001.99819, 784.47234, 999.67565, 993.46401, 852.51518, 1364.218, 905.23626, 979.46684, 690.60303, 604.81713, 1007.00328, 524.61639, 616.97334, 698.61572, 462.69004, 635.58087, 920.96735, 570.92159, 624.94815, 837.87785, 1135.77905, 1105.13557, 1905.6032, 3632.71202, 2876.18022, 1869.35501, 2118.51869, 1728.14928, 1139.10344, 1137.99616, 1019.60446, 1336.93916, 1060.66556, 1153.57581, 1168.87659, 1046.60111, 1102.4953, 1439.28006, 1255.10309, 1307.70084, 1471.61749, 1882.94233, 1364.39452, 1311.6561, 1043.56273, 2007.2359, 1949.55891, 1319.38856, 1173.78465, 1091.34007, 1173.19168, 1421.08809, 912.39638, 668.66014, 705.05471, 1660.38388, 1885.60272, 1476.23033, 1039.84677, 960.83946, 979.55007, 977.72307, 1470.07229, 1507.26209, 1161.82338, 873.74233, 780.79213, 1772.2202, 1233.20653, 1032.83111, 799.42665, 1013.86966, 1313.60682, 1418.0542, 1411.70412, 1509.50291, 966.79167, 1519.17281, 1313.34473, 1164.7999, 1090.4287, 1110.69819, 1092.78598, 1305.00221, 940.24059, 1154.99593, 950.35799, 1024.23327, 818.49666, 1254.07287, 1127.58575, 999.57616, 1055.77174, 816.56417, 996.40519, 630.67332, 814.48088, 667.65823, 572.66211, 1084.51056, 619.46997], "score": [1657, 1746, 1769, 1693, 1671, 1703, 1692, 1707, 1705, 1716, 1672, 1777, 1690, 1708, 1790, 1726, 1674, 1829, 1684, 1819, 1729, 1752, 1702, 1713, 1734, 1715, 1734, 1790, 1751, 1729, 1707, 1729, 1817, 1680, 1717, 1672, 1719, 1623, 1708, 1728, 1727, 1727, 1740, 1735, 1600, 1719, 1742, 1665, 1706, 1783, 1709, 1723, 1727, 1718, 1852, 1704, 1716, 1705, 1669, 1734, 1825, 1739, 1814, 1700, 1696, 1868, 1609, 1719, 1788, 1719, 1706, 1731, 1745, 1838, 1725, 1740, 1745, 1709, 1771, 1755, 1716, 1733, 1749, 1712, 1757, 1764, 1655, 1619, 1745, 1736, 1702, 1862, 1763, 1786, 1624, 1661, 1746, 1852, 1794, 1725, 1781, 1698, 1758, 1746, 1771, 1723, 1757, 1753, 1755, 1729, 1769, 1721, 1759, 1696, 1717, 1697, 1747, 1813, 1754, 1717, 1728, 1689, 1741, 1739, 1774, 1764, 1769, 1753, 1743, 1668, 1744, 1815, 1745, 1773, 1735, 1775, 1747, 1798, 1747, 1817, 1780, 1733, 1846, 1719, 1789, 1735, 1738, 1745, 1796, 1745, 1719, 1791, 1681, 1753, 1736, 1667, 1797, 1723, 1747, 1767, 1762, 1821, 1757, 1835, 1775, 1863, 1804, 1735, 1742, 1656, 1757, 1737, 1740, 1689, 1768, 1805, 1758, 1734, 1684, 1832, 1733, 1748, 1753, 1739, 1714, 1787, 1786, 1745, 1764, 1753, 1755, 1679, 1659, 1772, 1647, 1697, 1636, 1735, 1739, 1733, 1760, 1766, 1834, 1682, 1742, 1785, 1797, 1745, 1749, 1745, 1754, 1741, 1831, 1759, 1771, 1751, 1748, 1732, 1757]}, "Actor": {"epsilon_decay": 0.99, "epsilon": 1.0, "curBackupIdx": 0, "epsilon_min": 0.01, "TAU": 0.001, "nBackups": 3, "k": 10, "actionDim": 5, "nActions": 32}, "Critic": {"TAU": 0.001, "nBackups": 3, "curBackupIdx": 0, "actionDim": 5}, "policy": {"numOfDevices": 5, "stateDim": [1, 8], "seqLen": 1, "policyJSON": {"10": [{"days": "weekdays", "times": [["21:00", "23:29"]]}, {"days": [5], "times": [["21:00", "23:29"]]}], "6": [{"days": "weekdays", "times": [["20:40", "23:59"], ["00:00", "00:14"]]}, {"days": [4], "times": [["00:00", "00:14"]]}, {"days": [5], "times": [["21:00", "23:59"]]}], "weekdays": [0, 1, 2, 3, 6], "Devices": ["Room light1", "Room light2", "Room light3 (backdoor)", "Kitchen light", "Toilets light"], "days": ["Monday", "Tuesday", "Wednesday", "Thursday", "Friday", "Saturday", "Sunday"], "1": [{"days": [0, 1, 2, 3, 6], "times": [["08:30", "08:59"], ["20:30", "21:29"]]}, {"days": [4], "times": [["10:00", "13:29"]]}, {"days": [5], "times": [["18:00", "18:59"]]}], "0": [{"days": [0, 1, 2, 3, 6], "times": [["00:00", "00:29"], ["08:00", "08:59"], ["20:30", "23:59"]]}, {"days": [4], "times": [["00:00", "00:59"], ["09:30", "13:29"]]}, {"days": [5], "times": [["18:00", "23:59"]]}], "3": [{"days": [0, 1, 2, 3, 6], "times": [["08:30", "08:44"], ["20:45", "21:29"], ["23:15", "23:44"]]}, {"days": [4], "times": [["10:00", "10:59"], ["12:45", "13:14"]]}, {"days": [5], "times": [["18:00", "19:59"], ["21:00", "23:14"]]}], "2": [{"days": [0, 1, 2, 3, 6], "times": [["00:30", "01:09"]]}, {"days": [4], "times": [["00:30", "01:09"]]}], "5": [{"days": "weekdays", "times": [["08:35", "08:42"], ["21:09", "21:11"], ["00:05", "00:24"]]}, {"days": [4], "times": [["10:18", "10:29"], ["00:05", "00:24"]]}, {"days": [5], "times": [["19:09", "19:09"], ["21:34", "21:34"]]}], "4": [{"days": [0, 1, 2, 3, 6], "times": [["08:30", "08:34"], ["21:05", "21:08"]]}, {"days": [4], "times": [["10:10", "10:17"]]}, {"days": [5], "times": [["19:05", "19:08"], ["21:20", "21:33"]]}], "7": [{"days": "weekdays", "times": [["20:40", "23:59"], ["00:00", "00:14"]]}, {"days": [4], "times": [["00:00", "00:14"]]}, {"days": [5], "times": [["21:00", "23:59"]]}], "Time format": "%H:%M", "9": [{"days": "weekdays", "times": [["09:00", "09:00"], ["20:30", "20:30"]]}, {"days": [4], "times": [["13:29", "13:29"]]}, {"days": [5], "times": [["18:00", "18:00"]]}], "8": [{"days": "weekdays", "times": [["20:31", "20:54"]]}, {"days": [5], "times": [["18:00", "18:59"]]}], "weekend": [4, 5]}}}