{"Critic": {"curBackupIdx": 0, "nBackups": 3, "TAU": 0.001, "actionDim": 5}, "settings": {"gameMinutesLength": 2880, "nModelBackups": 3, "minGameScoreRatio": 0.95, "nEpochs": 1, "dequeSize": 50000, "minGameScore": 2736, "minGameSequence": 500, "trainSetSize": 64, "gamma": 0.95, "TAU": 0.001, "batchSize": 64, "learningRate": 0.001, "nGamesPerSave": 10}, "Actor": {"k": 32, "epsilon_min": 0.01, "curBackupIdx": 0, "TAU": 0.001, "nActions": 32, "epsilon_decay": 0.99, "epsilon": 1.0, "actionDim": 5, "nBackups": 3}, "policy": {"numOfDevices": 5, "fname": "/home/yochaiz/SmartHome/Reinforcement/Policies/Week/policy2.json", "seqLen": 1, "stateDim": [1, 8]}, "results": {"loss": [115.84847, 66.26306, 67.68063, 63.46443, 60.13939, 44.51663, 37.00008, 37.6074, 35.51136, 31.80611, 28.9383, 27.59939, 30.74259, 31.88459, 29.01899, 27.104, 25.94084, 25.30468, 23.40984, 23.20557, 22.06548, 22.90089, 23.91905, 23.69301, 24.09924, 22.83393, 21.191, 20.81007, 20.56652, 20.03218, 18.88301, 17.73661, 16.99938, 17.89761, 16.6494, 16.91248, 15.65468, 16.09998, 15.22399, 15.25131, 14.46981, 13.25417, 13.97362, 13.34446, 12.7041, 12.44454, 13.17117, 11.98302, 11.19292, 13.97571, 13.61881, 12.67523, 12.213, 11.7656, 11.4322, 11.50148, 11.07389, 11.55066, 12.29547, 11.78084, 11.09766, 12.28339, 11.40113, 11.3442, 10.78909, 11.08389, 10.55993, 10.42786, 10.68732, 11.61013, 10.35032, 10.42484, 9.91591, 10.335, 9.55921, 9.21652, 10.54006, 9.86858, 9.49931, 10.02982, 9.41055, 8.6766, 9.21912, 8.50829, 8.55033, 8.67402, 8.5204, 8.41393, 8.48702, 7.881, 8.39615, 8.48312, 7.94635, 8.07172, 7.15733, 6.96478, 7.22474, 7.19381, 7.16098, 7.41412, 7.33336, 8.13193, 7.17584, 7.07829, 7.41293, 7.64136, 7.29937, 8.10739, 7.55563, 8.21506, 7.7133, 7.92317, 7.31374, 7.48521, 6.83934, 6.66593, 6.96124, 6.59678, 6.87606, 6.90191, 6.98406, 6.99631, 7.87615, 7.07956, 6.8681, 6.33439, 6.21094, 6.17465, 6.27035, 6.44082, 6.15691, 6.21365, 5.86776, 5.89349, 5.75419, 5.85129, 5.83876, 5.55216, 5.53975, 5.24053, 5.32494, 5.75413, 5.51789, 5.42371, 5.13801, 5.29743, 5.47598, 4.93231, 5.61416, 5.09306, 5.2554, 5.19041, 5.54756, 5.0465, 5.03091, 4.80273, 4.55674, 5.03927, 4.66841, 5.28141, 5.52108, 5.37354, 5.37845, 5.16538, 5.30056, 5.02411, 5.25089, 5.42529, 4.85142, 4.87215, 4.52285, 4.69059, 4.46194, 5.14424, 5.19823, 4.66324, 4.62421, 4.37313, 4.57447, 4.85054, 4.6604, 5.06163, 4.44694, 4.43768, 4.31055, 4.60201, 4.50109, 4.90185, 5.91845, 5.16849, 5.20468, 5.4741, 5.43326, 5.00298, 5.03179, 4.85392, 5.20984, 5.87857, 6.93014, 6.4873, 5.92847, 5.49733, 6.19434, 5.5901, 6.35907, 5.60121, 5.30201, 5.53004, 5.60509, 5.85343, 5.89846, 5.54612, 5.44362, 6.07406, 5.58844, 5.41324, 5.31873, 4.77927, 4.95312, 4.96641, 4.67815, 4.18822, 4.54394, 4.54948, 4.61289, 4.36026, 4.13747, 4.48111, 4.10007, 5.11918, 4.96607, 4.6086, 4.43049, 5.08361, 4.93273, 4.68065, 4.85535, 5.19928, 4.58019, 4.72593, 4.22559, 4.1889, 3.97933, 3.90917, 3.68022, 3.70483, 4.11482, 3.81666, 4.25585, 4.23334, 4.40733, 4.29639, 4.09167, 4.11884, 4.11841, 3.8813, 5.02249, 4.65424, 4.48761, 4.26082, 4.7038, 4.25958, 4.75567, 4.32222, 4.27867, 4.08124, 4.19133, 3.52664, 3.76428, 3.67363, 3.28583, 3.28503, 3.52328, 3.29437, 4.15613, 3.66858, 3.58031, 3.47844, 3.77101, 3.67649, 3.60479, 3.60983, 3.24142, 3.75151, 4.59672, 4.38899, 4.364, 3.96423, 4.39966, 4.40423, 4.20806, 4.05304, 3.87919, 4.36161, 4.24746, 4.09735, 4.27209, 4.15135, 3.93633, 3.9084, 5.25195, 4.70881, 4.16104, 4.02243, 4.28011, 3.92663, 3.84753, 3.58361, 3.8828, 3.50998, 3.65077, 3.83412, 3.65665, 3.47752, 4.42287, 5.01366, 4.53878, 4.12181, 4.45046, 4.20851, 3.93422, 4.05715, 4.73073, 4.27108, 4.09039, 3.73732, 4.14639, 4.57706, 4.17394, 4.05569, 4.59502, 3.97404, 4.06687, 4.64661, 3.88087, 4.28715, 4.20622, 3.84431, 3.91398, 3.87486, 3.91424, 3.75831, 3.54424, 3.56981, 3.52212, 3.20717, 3.15263, 2.97722, 3.6639, 2.9321, 3.39125, 3.11604, 3.28876, 3.51032, 3.45541, 3.53255, 3.52679, 3.49916, 3.54579, 3.31941, 3.41943, 3.38901, 3.88691, 3.42049, 4.15017, 3.6172, 3.99353, 3.95218, 3.59146, 3.49759, 3.31123, 3.51264, 3.08309, 3.04875, 3.23057, 3.20169, 3.07054, 3.01244, 2.97944, 2.95891, 2.75773, 2.77813, 2.97956, 3.22875, 3.13615, 2.89294, 4.51005, 5.81676, 4.67458, 3.86991, 4.00589, 3.80058, 3.98336, 3.68734, 3.85461, 4.31758, 3.96411, 4.05164, 4.94931, 4.11898, 4.08028, 3.6879, 3.85318, 3.39521, 3.9345, 3.77874, 3.52964, 3.25725, 3.52149, 3.47119, 3.44416, 3.559, 3.5923, 3.60418, 3.80541, 3.60873, 3.02249, 3.14179, 3.30167, 3.2958, 3.49612, 3.28039, 3.11886, 2.80267, 3.3051, 3.04727, 3.5345, 3.62503, 3.90367, 3.26683, 3.2792, 3.21154, 2.72178, 3.0019, 2.84305, 2.88192, 2.83042, 3.19422, 3.49252, 3.2445, 3.34559, 3.19874, 3.25789, 2.95866, 3.27863, 3.06434, 3.11765, 3.1525, 3.03841, 3.43471, 4.30452, 3.95828, 3.67613, 4.03788, 3.84236, 3.41981, 3.05679, 3.48318, 3.11207, 3.46428, 3.13968, 3.32143, 3.24067, 3.16861, 3.39533, 3.17514, 3.31328, 3.05438, 3.30824, 3.20807, 3.1011, 2.8799, 3.0889, 2.86917, 3.1638, 2.62661, 2.7229, 3.57337, 3.31778, 3.08057, 2.93605, 2.98793, 3.33507, 3.14427, 2.97242, 3.09927, 3.40564, 3.23662, 3.13393, 3.00788, 2.81874, 2.86482, 2.76804, 2.74009, 2.52086, 2.63235, 3.15393, 3.1463, 3.41191, 2.58389, 2.90735, 2.73228, 2.68131, 2.74749, 2.35695, 2.47996, 2.94822, 2.83598, 2.6823, 2.8844, 3.17902, 3.58778, 3.10541, 3.03812, 2.95423, 3.19757, 4.14702, 4.06859, 3.74464, 3.50761, 3.34859, 3.07697, 3.56959, 3.35234, 3.35961, 3.01845, 3.23018, 3.42432, 3.55698, 3.43248, 3.24074, 3.43502, 3.41374, 5.13664, 4.17684, 4.05027, 4.14078, 3.98848, 4.69906, 4.0101, 3.78397, 3.62686, 3.4613, 3.70739, 3.24188, 3.24027, 2.94499, 3.3592, 3.74836, 3.65815, 3.38, 3.15846, 3.11181, 2.76729, 3.03698, 2.81725, 2.77383, 3.01321, 2.85847, 3.21003, 2.86479, 2.75032, 2.60261, 2.41171, 2.49423, 2.45798, 2.56539, 2.38339, 2.48544, 2.76049, 2.56213, 2.91409, 2.54183, 2.78697, 2.35871, 2.38205, 2.42016, 2.50747, 3.00647, 3.00653, 2.76256, 2.51589, 2.53305, 2.35401, 2.06008, 2.93441, 3.13832, 3.24112, 2.90542, 2.64089, 2.51464, 2.54821, 2.14946, 2.40407, 2.72995, 2.35135, 2.93366, 2.34272, 2.69218, 2.69197, 2.78281, 3.19274, 3.4871, 2.96008, 2.66363, 2.62835, 2.63908, 2.48536, 2.96531, 2.93962, 2.88233, 2.75212, 2.97853, 3.25657, 2.62615, 3.08226, 3.21652, 3.41937, 2.94595, 2.82578, 3.2947, 3.03154, 2.86082, 2.74484, 2.70055, 3.23501, 3.00679, 2.84366, 2.61911, 2.9373, 3.46312, 3.40322, 3.26846, 2.74182, 3.15256, 3.23171, 3.1429, 2.75592, 2.60532, 2.84842, 2.92596, 3.08669, 3.05379, 3.53794, 2.92814, 2.84062, 3.00262, 2.8592, 2.69107, 2.89667, 2.91476, 2.84907, 3.49474, 3.91706, 3.74979, 4.02719, 4.23304, 4.37907, 4.33685, 4.09142, 3.84302, 3.67604, 3.81954, 3.90651, 4.90664, 5.16113, 4.24043, 3.85757, 4.01501, 3.83424, 3.4546, 3.38176, 3.48116, 3.24115, 3.21316, 2.96923, 2.71887, 3.08654, 2.94758, 2.78696, 2.38166, 3.04522, 2.79289, 2.58895, 2.39337, 2.50467, 2.33199, 2.29257, 2.14656, 2.19456, 2.24447, 2.05676, 2.15484, 2.09931, 2.08314, 2.13827, 2.2414, 2.51678, 3.03733, 2.68646, 2.20679, 2.04894, 2.35422, 2.68527, 3.18115, 2.54686, 1.89561, 2.68932, 2.52508, 3.41176, 3.0358, 2.85078, 2.94516, 3.3461, 3.19741, 3.11648, 2.77739, 2.74568, 2.94561, 3.55926, 3.55509, 3.26891, 3.46879, 3.33614, 3.59095, 3.46076, 3.15009, 2.9003, 2.91097, 2.68237, 3.03949, 3.28479, 3.4246, 3.29829, 3.50323, 3.58028, 3.21147, 2.66664, 2.6374, 2.78597, 2.74397, 3.38395, 3.22824, 3.10506, 3.28427, 2.8283, 3.29316, 3.11125, 3.23594, 2.84332, 3.14499, 3.18896, 2.7784, 2.9544, 2.75158, 2.66848, 2.72594, 2.50877, 2.51106, 2.36524, 2.44773, 2.09355, 2.35374, 2.79233, 2.49725, 2.43181, 2.68617, 2.12086, 2.15988, 2.02409, 1.91801, 2.2602, 2.37675, 2.25956, 2.2764, 2.3135, 2.71354, 2.77862, 2.63157, 2.71389, 3.68087, 3.19356, 2.96584, 2.88618, 2.88821, 2.76139, 2.90412, 3.14149, 2.96092, 3.16727, 3.06024, 2.58992, 2.55008, 2.68606, 2.73003, 2.7446, 2.94911, 2.77773, 2.72722, 2.30713, 2.24327, 2.36219, 2.31939, 2.24713, 2.69768, 2.9886, 3.02644, 2.68115, 2.51626, 2.75755, 2.98885, 2.85062, 2.60658, 2.70636, 