{"settings": {"minGameScore": 2736, "TAU": 0.001, "minGameScoreRatio": 0.95, "batchSize": 256, "nGamesPerSave": 50, "nEpochs": 1, "minGameSequence": 500, "nModelBackups": 3, "gameMinutesLength": 2880, "dequeSize": 50000, "learningRate": 0.001, "gamma": 0.95, "trainSetSize": 256}, "args": {"random": true, "gpuFrac": 0.3, "sequential": false, "gpuNum": 2, "settings": "/home/yochaiz/SmartHome/Reinforcement/settings.json"}, "results": {"loss": [61.15934, 44.5247, 25.386, 16.6831, 15.71354, 13.17495, 11.4597, 10.18478, 9.92504, 8.98373, 9.19153, 8.76032, 8.86621, 8.30465, 8.6049, 8.1548, 7.70309, 7.79078, 6.96632, 6.50335, 6.61553, 5.81918, 5.91259, 5.74939, 5.70913, 5.39002, 5.44664, 5.38993, 5.15922, 5.09323, 5.09116, 4.84149, 4.75485, 4.42657, 5.08704, 4.7464, 4.35899, 4.51112, 4.59498, 3.94897, 4.29495, 4.76661, 4.23792, 4.09969, 4.28689, 4.22867, 4.00492, 3.893, 3.33911, 3.2163, 4.00111, 3.66298, 3.31098, 3.51821, 4.02548, 3.37838, 3.6404, 3.27209, 3.13481, 3.07972, 2.9149, 2.94981, 2.87264, 2.9426, 3.23896, 2.9345, 2.90139, 2.9381, 2.66332, 2.6832, 2.63495, 2.49987, 2.44126, 2.41037, 2.51399, 2.26156, 2.5521, 2.54394, 2.90979, 2.63153, 2.79668, 2.4605, 2.82541, 2.49606, 2.36119, 2.79054, 2.371, 2.32158, 2.35968, 2.0888, 2.14602, 2.12443, 1.97454, 2.03242, 1.74477, 2.24265, 1.85399, 2.10502, 1.91075, 1.91149, 2.03456, 1.98685, 2.01567, 1.89982, 1.87111, 1.87755, 2.0201, 1.92878, 2.12809, 2.06598, 2.12508, 1.92777, 1.98271, 2.07618, 2.16708, 2.12874, 2.11409, 1.79164, 1.95875, 1.90629, 1.86465, 1.85818, 2.0258, 1.81763, 1.69888, 1.71376, 1.66637, 1.57349, 1.65267, 1.51845, 1.5833, 1.64284, 1.51203, 1.83017, 1.63516, 1.61503, 1.64991, 1.66764, 1.60856, 1.53155, 1.41413, 1.44799, 1.59813, 1.4157, 1.51853, 1.77497, 1.64008, 1.61812, 1.72118, 1.58415, 1.62893, 1.55324, 1.81865, 1.56918, 1.62512, 1.78148, 1.58819, 1.56695, 1.57974, 1.49279, 1.60222, 1.56243, 1.5921, 1.54476, 1.30543, 1.29422, 1.11841, 1.52922, 1.15508, 1.45626, 1.3554, 1.31215, 1.21911, 1.12084, 1.33546, 1.38683, 1.4866, 1.41055, 1.58874, 1.64116, 1.52896, 1.58119, 1.42454, 1.37841, 1.40094, 1.24287, 1.54012, 1.29117, 1.40052, 1.49506, 1.34024, 1.18718, 1.1248, 1.23955, 1.27172, 1.17893, 1.18828, 1.41726, 1.32058, 1.12067, 1.17808, 1.2339, 1.02325, 1.15197, 1.16536, 1.18338, 1.06592, 0.9912, 1.08581, 1.00306, 1.02684, 0.90933, 1.00065, 1.14256, 1.1219, 1.00134, 1.17476, 1.11586, 1.20228, 1.04628, 1.32678, 1.35951, 1.33346, 1.16868, 1.11778, 1.42087, 1.36238, 1.20852, 1.60866, 1.55912, 1.21187, 1.10994, 0.99754, 1.17122, 0.98418, 1.16643, 1.01665, 1.12623, 1.22194, 1.13669, 1.39654, 1.43574, 1.28806, 1.08859, 1.20326, 1.23425, 1.31637, 1.34495, 1.1367, 1.07093, 1.1, 1.06289, 0.96955, 1.11015, 1.09557, 1.03493, 0.9278, 0.94777, 1.09831, 1.11095, 1.08741, 0.91751, 0.94006, 0.97393, 0.85503, 0.79809, 0.87451, 0.9314, 0.85707, 0.95902, 0.80415, 1.17909, 0.82671, 0.85617, 0.82882, 0.86093, 0.73504, 0.7491, 0.97068, 1.35984, 1.06769, 0.99103], "score": [2113, 2179, 2284, 2360, 2434, 2490, 2534, 2419, 2545, 2459, 2521, 2570, 2447, 2614, 2437, 2597, 2629, 2583, 2637, 2529, 2675, 2614, 2625, 2624, 2658, 2666, 2591, 2666, 2633, 2682, 2626, 2673, 2674, 2684, 2690, 2671, 2697, 2699, 2702, 2715, 2629, 2621, 2691, 2705, 2682, 2684, 2741, 2704, 2740, 2746, 2654, 2679, 2715, 2673, 2666, 2749, 2680, 2756, 2735, 2745, 2736, 2692, 2773, 2674, 2673, 2744, 2710, 2727, 2746, 2715, 2743, 2721, 2707, 2742, 2767, 2776, 2757, 2702, 2670, 2761, 2751, 2770, 2719, 2798, 2720, 2740, 2787, 2760, 2717, 2801, 2783, 2721, 2797, 2784, 2825, 2720, 2801, 2776, 2783, 2791, 2760, 2659, 2773, 2787, 2755, 2714, 2741, 2772, 2760, 2776, 2739, 2764, 2783, 2756, 2737, 2730, 2781, 2825, 2748, 2765, 2797, 2710, 2755, 2759, 2815, 2771, 2775, 2812, 2759, 2800, 2767, 2757, 2785, 2740, 2781, 2766, 2787, 2767, 2786, 2771, 2805, 2765, 2776, 2760, 2762, 2772, 2781, 2778, 2747, 2833, 2784, 2783, 2771, 2810, 2770, 2729, 2792, 2806, 2794, 2792, 2742, 2803, 2768, 2796, 2814, 2809, 2801, 2775, 2833, 2726, 2803, 2781, 2778, 2793, 2755, 2755, 2798, 2800, 2762, 2810, 2778, 2751, 2790, 2821, 2805, 2834, 2768, 2797, 2815, 2808, 2775, 2815, 2789, 2755, 2777, 2805, 2823, 2707, 2811, 2823, 2785, 2772, 2820, 2776, 2767, 2809, 2810, 2809, 2823, 2820, 2831, 2795, 2812, 2798, 2763, 2835, 2767, 2821, 2821, 2819, 2768, 2762, 2809, 2815, 2827, 2755, 2728, 2831, 2741, 2727, 2815, 2820, 2833, 2805, 2835, 2788, 2823, 2776, 2766, 2800, 2780, 2771, 2811, 2826, 2746, 2810, 2805, 2775, 2829, 2797, 2806, 2808, 2825, 2769, 2808, 2819, 2793, 2820, 2820, 2797, 2797, 2817, 2808, 2795, 2811, 2828, 2820, 2817, 2785, 2841, 2817, 2787, 2817, 2808, 2842, 2816, 2833, 2806, 2791, 2755, 2794, 2823]}, "Actor": {"epsilon_decay": 0.99, "epsilon": 1.0, "curBackupIdx": 0, "epsilon_min": 0.01, "TAU": 0.001, "nBackups": 3, "k": 32, "actionDim": 5}, "Critic": {"TAU": 0.001, "nBackups": 3, "curBackupIdx": 0, "actionDim": 5}, "policy": {"numOfDevices": 5, "stateDim": [1, 8], "seqLen": 1, "policyJSON": {"10": [{"days": "weekdays", "times": [["21:00", "23:29"]]}, {"days": [5], "times": [["21:00", "23:29"]]}], "6": [{"days": "weekdays", "times": [["20:40", "23:59"], ["00:00", "00:14"]]}, {"days": [4], "times": [["00:00", "00:14"]]}, {"days": [5], "times": [["21:00", "23:59"]]}], "weekdays": [0, 1, 2, 3, 6], "Devices": ["Room light1", "Room light2", "Room light3 (backdoor)", "Kitchen light", "Toilets light"], "days": ["Monday", "Tuesday", "Wednesday", "Thursday", "Friday", "Saturday", "Sunday"], "1": [{"days": [0, 1, 2, 3, 6], "times": [["08:30", "08:59"], ["20:30", "21:29"]]}, {"days": [4], "times": [["10:00", "13:29"]]}, {"days": [5], "times": [["18:00", "18:59"]]}], "0": [{"days": [0, 1, 2, 3, 6], "times": [["00:00", "00:29"], ["08:00", "08:59"], ["20:30", "23:59"]]}, {"days": [4], "times": [["00:00", "00:59"], ["09:30", "13:29"]]}, {"days": [5], "times": [["18:00", "23:59"]]}], "3": [{"days": [0, 1, 2, 3, 6], "times": [["08:30", "08:44"], ["20:45", "21:29"], ["23:15", "23:44"]]}, {"days": [4], "times": [["10:00", "10:59"], ["12:45", "13:14"]]}, {"days": [5], "times": [["18:00", "19:59"], ["21:00", "23:14"]]}], "2": [{"days": [0, 1, 2, 3, 6], "times": [["00:30", "01:09"]]}, {"days": [4], "times": [["00:30", "01:09"]]}], "5": [{"days": "weekdays", "times": [["08:35", "08:42"], ["21:09", "21:11"], ["00:05", "00:24"]]}, {"days": [4], "times": [["10:18", "10:29"], ["00:05", "00:24"]]}, {"days": [5], "times": [["19:09", "19:09"], ["21:34", "21:34"]]}], "4": [{"days": [0, 1, 2, 3, 6], "times": [["08:30", "08:34"], ["21:05", "21:08"]]}, {"days": [4], "times": [["10:10", "10:17"]]}, {"days": [5], "times": [["19:05", "19:08"], ["21:20", "21:33"]]}], "7": [{"days": "weekdays", "times": [["20:40", "23:59"], ["00:00", "00:14"]]}, {"days": [4], "times": [["00:00", "00:14"]]}, {"days": [5], "times": [["21:00", "23:59"]]}], "Time format": "%H:%M", "9": [{"days": "weekdays", "times": [["09:00", "09:00"], ["20:30", "20:30"]]}, {"days": [4], "times": [["13:29", "13:29"]]}, {"days": [5], "times": [["18:00", "18:00"]]}], "8": [{"days": "weekdays", "times": [["20:31", "20:54"]]}, {"days": [5], "times": [["18:00", "18:59"]]}], "weekend": [4, 5]}}}