{"settings": {"minGameScore": 2448, "TAU": 0.001, "minGameScoreRatio": 0.85, "batchSize": 128, "minGameSequence": 500, "nEpochs": 5, "nGamesPerSave": 100, "nModelBackups": 3, "gameMinutesLength": 2880, "gamma": 0.95, "learningRate": 0.001, "dequeSize": 50000, "trainSetSize": 50000}, "args": {"gpuFrac": 0.3, "random": true, "gpuNum": 5, "sequential": false, "settings": "/home/yochaiz/SmartHome/Reinforcement/settings.json"}, "results": {"loss": [104.54479, 45.36108, 29.03104, 32.53198, 28.30889, 30.02645, 28.38399, 24.98887, 25.01287, 25.67031, 28.63211, 28.02204, 26.68479, 24.03232, 22.61571, 21.68461, 22.45598, 21.74318, 21.01616, 20.31559, 19.75953, 18.59024, 17.68406, 16.72463, 16.95934, 16.47056, 15.86444, 15.8646, 15.28368, 14.27205, 13.74742, 12.63961, 13.953, 13.29596, 13.6779, 13.24095, 12.2262, 11.6559, 12.05125, 11.76059, 10.92441, 10.46164, 10.24456, 9.97486, 9.83647, 9.17295, 9.14558, 9.0229, 9.58269, 8.71991, 8.30054, 8.73969, 8.37042, 8.46695, 8.22368, 7.93525, 7.97811, 7.40885, 7.78711, 7.35518, 8.19674, 7.39724, 7.21267, 7.62887, 7.37353, 7.18887, 7.56289, 7.0692, 7.01276, 6.63631, 6.45091, 6.45041, 6.48163, 6.15535, 5.92277, 6.45826, 6.24077, 7.01534, 6.13787, 6.14753, 5.58906, 5.8717, 6.01057, 5.43055, 5.41589, 5.14355, 5.40444, 5.57501, 5.2961, 5.53868, 5.21786, 6.53822, 5.68543, 5.47301, 5.66989, 5.45739, 5.49573, 5.14416, 5.15366, 5.20636, 5.01315, 4.89778, 4.97416, 4.57493, 4.6118, 4.7339, 5.09944, 5.01849, 4.58226, 4.02414, 4.2583, 4.43728, 4.31375, 4.31352, 4.47917, 4.00967, 4.02114, 3.97286, 4.01382, 4.35762, 4.23385, 4.40293, 4.16101, 4.00549, 3.89665, 3.74061, 3.51858, 3.63107, 4.14239, 4.04169, 4.13883, 3.86928, 3.63235, 3.5922, 3.90526, 4.51724, 4.16907, 4.05438, 3.81004, 4.13666, 3.98377, 3.72234, 3.86374, 4.07603, 4.01921, 3.84511, 3.36534, 3.68994, 3.39847, 3.17472, 3.12463, 3.27091, 3.11189, 3.08935, 3.81401, 3.23734, 3.28665, 3.3676, 2.96329, 3.03744, 3.25985, 3.12697, 2.89491, 3.10384, 3.13521, 3.2413, 3.07517, 3.26285, 3.35557, 3.31018, 3.29734, 3.00346, 2.92116, 2.95033, 2.94349, 3.22886, 3.50135, 3.50003, 3.40183, 3.10063, 2.90208, 2.78154, 2.83425, 2.61622, 2.63297, 2.44535, 2.42699, 2.59833, 2.55677, 2.77269, 2.52314, 2.41742, 2.58198, 2.46173, 2.23791, 2.31376, 2.0649, 2.5508, 2.69564, 2.60904, 2.91761, 2.59358, 2.86224, 2.85476, 2.53983, 2.2604, 2.57283, 2.39883, 2.09216, 2.31508, 2.31621, 2.34421, 2.20787, 2.53995, 2.33958, 2.4083, 2.22862, 2.13801, 2.03019, 1.97906, 2.00502, 1.93219, 1.84995, 1.97947, 2.12474, 2.00719, 2.50076, 2.36448, 2.24306, 2.28239, 2.40179, 2.3558, 2.95762, 2.94962, 3.04187, 2.80816, 2.7506, 2.64105, 2.71364, 2.69864, 3.22333, 3.19023, 2.60307, 2.88497, 2.47488, 2.27378, 2.41689, 3.16648, 2.93442, 2.83571, 2.58389, 2.22623, 1.94257, 1.94816, 2.3656, 2.09517, 2.17358, 1.96597, 2.3381, 2.33043, 2.18783, 2.34068, 2.51569, 2.13142, 2.2791, 2.16812, 2.31426, 2.09316, 2.27384, 2.22952, 2.32366, 2.51068, 2.22536, 2.16553, 2.34315, 2.35383, 2.36385, 2.18527, 2.17469, 2.21327, 1.85142, 1.88564, 1.73273, 1.77178, 1.98551, 1.92333, 2.06577, 2.19685, 2.12725, 2.43984, 2.08437, 1.7727, 2.07229, 2.15069, 2.08931, 2.08434, 2.11137, 1.7857, 2.16842, 2.12157, 2.28112, 2.13507, 2.05262, 2.1652, 1.9854, 2.10516, 2.10253, 2.17382, 2.23342, 2.24512, 2.26341, 2.26927, 1.99495, 2.06793, 2.16544, 2.14427, 2.37974, 2.37488, 2.14896, 2.1487, 2.04478, 2.08904, 1.97772, 2.02464, 1.82264, 2.0592, 1.9552, 1.97107, 1.6502, 1.60633, 1.69415, 1.63736, 1.97831, 1.7207, 1.49389, 1.68531, 1.70868, 1.52639, 1.47783, 1.52463, 1.55702, 1.80454, 1.64418, 1.49167, 1.51359, 1.414, 1.70621, 1.48216, 1.50111, 1.59073, 1.81829, 1.70383, 1.61667, 1.5863, 1.4313, 1.88524, 1.59294, 1.62416, 1.43137, 1.62294, 1.741, 1.9137, 2.06013, 1.79258, 1.71315, 1.69315, 1.87819, 1.77249, 1.68482, 1.68402, 1.60776, 2.10787, 2.06576, 2.09478, 2.01879, 2.03779, 2.12314, 2.17175, 1.95977, 1.81437, 2.54663, 2.16595, 2.10038, 2.3767, 2.07476, 2.18547, 2.22505, 2.14077, 2.16906, 1.93693, 2.1905, 2.11863, 2.34239, 2.11977, 1.79006, 1.87418, 1.91141, 1.90922, 2.01501, 1.80174, 1.87449, 1.82797, 1.87451, 2.06732, 1.97643, 1.92152, 1.75453, 1.87408, 1.70808, 1.62034, 1.70895, 1.81629, 1.84554, 1.68728, 1.84923, 1.68904, 2.12741, 1.82872, 1.84543, 1.72118, 1.76735, 2.107, 1.75816, 1.65673, 1.86426, 1.93583, 1.76837, 1.76742, 1.55117, 2.03337, 1.97995, 1.85165, 1.83435, 1.72305, 1.7333, 1.8171, 1.7477, 1.72505, 2.00547, 1.92997, 1.69366, 1.67399, 1.59834, 1.62352, 1.83679, 2.04037, 1.90962, 1.92229, 1.97374, 2.18213, 2.21076, 2.25284, 1.971, 2.18254, 1.94174, 2.302, 2.07042, 2.10035, 1.99837, 1.90249, 1.82357, 1.80677, 1.62216, 1.51861, 1.64915, 1.55116, 1.54754, 1.57558, 1.82108, 1.52069, 1.63083, 1.36734, 1.34587, 1.31667, 1.33481, 1.25711, 1.23553, 1.55734, 1.62274, 1.67147, 1.69948, 1.60214, 1.40346, 1.35605, 1.20547, 1.36847, 1.21811, 1.45481, 1.88944, 1.47722, 1.56616, 1.51958, 1.5034, 1.47473, 1.41835, 1.35633, 1.39924, 1.54556, 1.53066, 1.47135, 1.46495, 1.37666, 1.53223, 1.4236, 1.57762, 1.314, 1.41818, 1.19824, 1.28409, 1.30611, 1.28397, 1.30917, 1.15362, 1.28939, 1.30453, 1.46866, 1.36966, 1.32034, 1.36457, 1.43357, 1.62565, 1.72513, 1.72849, 1.85074, 1.66421, 1.65153, 1.61724, 1.73722, 1.58096, 1.91662, 1.79983, 1.89662, 1.73301, 1.64734],