{"settings": {"minGameScore": 2736, "TAU": 0.001, "minGameScoreRatio": 0.95, "batchSize": 256, "nGamesPerSave": 50, "nEpochs": 1, "minGameSequence": 500, "nModelBackups": 3, "gameMinutesLength": 2880, "dequeSize": 50000, "learningRate": 0.001, "gamma": 0.95, "trainSetSize": 256}, "args": {"settings": "/home/yochaiz/SmartHome/Reinforcement/settings.json", "k": null, "random": true, "sequential": false, "gpuNum": 1, "gpuFrac": 0.3, "desc": null}, "results": {"loss": [78.84806, 53.22534, 39.84925, 35.75317, 27.17896, 22.51303, 21.15806, 19.44815, 17.42362, 17.11776, 17.38014, 18.13933, 16.95677, 16.33525, 15.59633, 15.50338, 14.67981, 14.4659, 14.43235, 13.2157, 12.56502, 11.48186, 10.84663, 10.36911, 9.92275, 10.46179, 10.21588, 9.31066, 8.68424, 8.21144, 8.31742, 8.09119, 7.59888, 7.14228, 7.061, 6.90871, 6.53606, 6.53644, 6.0295, 6.07456, 6.76856, 6.47028, 6.15999, 5.71043, 5.7251, 5.63015, 5.50395, 5.81324, 5.46937, 5.60274, 5.40819, 5.14352, 4.74887, 5.08842, 4.68267, 5.26472, 5.24819, 4.60152, 4.72388, 4.65437, 4.51413, 4.26839, 4.09162, 4.13868, 3.97905, 3.96926, 4.26428, 3.93736, 3.87477, 4.02311, 3.95137, 4.26008, 4.23283, 3.89885, 3.91161, 4.33493, 4.53803, 3.96587, 4.07391, 3.87787, 3.95273, 4.30141, 4.50921, 4.54778, 4.10628, 4.06456, 4.22951, 3.99135, 3.63458, 3.68133, 3.75841, 3.98075, 3.45345, 3.71259, 3.52136, 3.67366, 3.77813, 3.66344, 3.71791, 3.43853, 3.45934, 3.02566, 3.00671, 2.91892, 2.75547, 2.88556, 2.86766, 2.6776, 2.51297, 2.96552, 2.48608, 2.77281, 2.91793, 2.77198, 2.87137, 2.7802, 2.71652, 2.80671, 2.63427, 2.88658, 2.90863, 2.90841, 2.85532, 2.71605, 2.86531, 2.77414, 2.61531, 2.4471, 2.50263, 2.5052, 2.66097, 3.08174, 2.55448, 2.8038, 2.61592, 2.55343, 2.3681, 2.41488, 2.5286, 2.7212, 2.67327, 2.59032, 2.3057, 2.48427, 2.5953, 2.35765, 2.08955, 2.37454, 2.06649, 2.0613, 2.18847, 2.009, 1.96208, 2.00611, 2.39845, 2.27279, 2.3406, 2.09632, 2.3289, 2.00914, 1.97033, 2.16521, 2.06331, 1.90815, 1.89411, 1.96878, 1.99568, 1.8789, 1.80875, 1.99006, 2.04291, 1.95398, 2.09264, 1.69372, 1.92772, 1.70118, 1.77715, 1.99204, 1.61277, 1.78353, 1.79323, 1.63574, 1.74403, 1.89023, 1.92399, 1.90886, 1.75012, 1.9692, 1.79744, 2.00873, 2.09388, 2.18741, 2.40977, 2.20917, 2.16828, 2.12252, 2.24256, 1.99505, 2.00351, 1.93073, 2.0523, 2.01262, 1.83465, 2.02117, 1.98049, 2.0283, 1.95393, 1.78522, 1.74661, 2.06206, 2.11598, 1.9646, 1.94678, 1.91738, 1.93658, 1.8986, 1.77333, 1.70971, 1.74227, 1.64996, 1.85821, 1.62841, 1.56802, 1.57574, 1.4889, 1.51903, 1.56237], "score": [2108, 2101, 2204, 2177, 2441, 2500, 2395, 2542, 2457, 2301, 2459, 2370, 2477, 2517, 2542, 2513, 2493, 2525, 2596, 2579, 2627, 2645, 2620, 2635, 2657, 2567, 2566, 2639, 2591, 2638, 2591, 2632, 2634, 2614, 2564, 2588, 2602, 2645, 2668, 2635, 2517, 2651, 2600, 2675, 2635, 2653, 2669, 2624, 2701, 2717, 2633, 2691, 2690, 2667, 2731, 2568, 2695, 2733, 2611, 2702, 2689, 2704, 2712, 2711, 2724, 2679, 2666, 2745, 2703, 2679, 2596, 2644, 2690, 2716, 2645, 2655, 2650, 2722, 2597, 2728, 2662, 2579, 2583, 2632, 2652, 2721, 2628, 2728, 2709, 2702, 2645, 2640, 2704, 2701, 2737, 2696, 2725, 2670, 2730, 2712, 2705, 2723, 2700, 2740, 2731, 2651, 2749, 2749, 2792, 2667, 2733, 2680, 2683, 2714, 2723, 2732, 2724, 2735, 2718, 2735, 2731, 2700, 2713, 2760, 2685, 2752, 2753, 2767, 2766, 2753, 2726, 2729, 2763, 2676, 2781, 2766, 2720, 2727, 2727, 2719, 2710, 2781, 2747, 2717, 2755, 2757, 2764, 2748, 2800, 2784, 2705, 2767, 2784, 2749, 2731, 2755, 2764, 2802, 2766, 2766, 2747, 2746, 2780, 2783, 2727, 2799, 2748, 2790, 2793, 2742, 2727, 2761, 2705, 2787, 2799, 2779, 2752, 2755, 2789, 2766, 2793, 2749, 2761, 2737, 2784, 2755, 2789, 2766, 2809, 2671, 2735, 2767, 2738, 2733, 2700, 2776, 2706, 2781, 2789, 2766, 2761, 2773, 2806, 2763, 2760, 2770, 2751, 2783, 2781, 2691, 2717, 2741, 2751, 2816, 2759, 2762, 2766, 2779, 2794, 2799, 2721, 2792, 2809, 2765, 2805, 2783, 2785]}, "Actor": {"epsilon_decay": 0.99, "epsilon": 1.0, "curBackupIdx": 0, "epsilon_min": 0.01, "TAU": 0.001, "nBackups": 3, "k": 10, "actionDim": 5, "nActions": 32}, "Critic": {"TAU": 0.001, "nBackups": 3, "curBackupIdx": 0, "actionDim": 5}, "policy": {"numOfDevices": 5, "stateDim": [1, 8], "seqLen": 1, "policyJSON": {"10": [{"days": "weekdays", "times": [["21:00", "23:29"]]}, {"days": [5], "times": [["21:00", "23:29"]]}], "6": [{"days": "weekdays", "times": [["20:40", "23:59"], ["00:00", "00:14"]]}, {"days": [4], "times": [["00:00", "00:14"]]}, {"days": [5], "times": [["21:00", "23:59"]]}], "weekdays": [0, 1, 2, 3, 6], "Devices": ["Room light1", "Room light2", "Room light3 (backdoor)", "Kitchen light", "Toilets light"], "days": ["Monday", "Tuesday", "Wednesday", "Thursday", "Friday", "Saturday", "Sunday"], "1": [{"days": [0, 1, 2, 3, 6], "times": [["08:30", "08:59"], ["20:30", "21:29"]]}, {"days": [4], "times": [["10:00", "13:29"]]}, {"days": [5], "times": [["18:00", "18:59"]]}], "0": [{"days": [0, 1, 2, 3, 6], "times": [["00:00", "00:29"], ["08:00", "08:59"], ["20:30", "23:59"]]}, {"days": [4], "times": [["00:00", "00:59"], ["09:30", "13:29"]]}, {"days": [5], "times": [["18:00", "23:59"]]}], "3": [{"days": [0, 1, 2, 3, 6], "times": [["08:30", "08:44"], ["20:45", "21:29"], ["23:15", "23:44"]]}, {"days": [4], "times": [["10:00", "10:59"], ["12:45", "13:14"]]}, {"days": [5], "times": [["18:00", "19:59"], ["21:00", "23:14"]]}], "2": [{"days": [0, 1, 2, 3, 6], "times": [["00:30", "01:09"]]}, {"days": [4], "times": [["00:30", "01:09"]]}], "5": [{"days": "weekdays", "times": [["08:35", "08:42"], ["21:09", "21:11"], ["00:05", "00:24"]]}, {"days": [4], "times": [["10:18", "10:29"], ["00:05", "00:24"]]}, {"days": [5], "times": [["19:09", "19:09"], ["21:34", "21:34"]]}], "4": [{"days": [0, 1, 2, 3, 6], "times": [["08:30", "08:34"], ["21:05", "21:08"]]}, {"days": [4], "times": [["10:10", "10:17"]]}, {"days": [5], "times": [["19:05", "19:08"], ["21:20", "21:33"]]}], "7": [{"days": "weekdays", "times": [["20:40", "23:59"], ["00:00", "00:14"]]}, {"days": [4], "times": [["00:00", "00:14"]]}, {"days": [5], "times": [["21:00", "23:59"]]}], "Time format": "%H:%M", "9": [{"days": "weekdays", "times": [["09:00", "09:00"], ["20:30", "20:30"]]}, {"days": [4], "times": [["13:29", "13:29"]]}, {"days": [5], "times": [["18:00", "18:00"]]}], "8": [{"days": "weekdays", "times": [["20:31", "20:54"]]}, {"days": [5], "times": [["18:00", "18:59"]]}], "weekend": [4, 5]}}}