{"Actor": {"k": 32, "nActions": 32, "epsilon": 1.0, "curBackupIdx": 0, "nBackups": 3, "TAU": 0.001, "epsilon_min": 0.01, "epsilon_decay": 0.99, "actionDim": 5}, "Critic": {"curBackupIdx": 0, "nBackups": 3, "TAU": 0.001, "actionDim": 5}, "results": {"loss": [1452.00816, 1191.08619, 959.36778, 1054.25189, 897.74196, 849.76979, 701.12141, 687.71082, 676.95949, 603.44309, 589.02212, 572.26549, 543.57453, 463.37598, 514.06421, 484.05875, 495.69109, 411.25823, 421.01875, 366.66208, 341.23181, 358.564, 345.14501, 341.48167, 329.43837, 346.38219, 354.08003, 370.25026, 300.91241, 305.97135, 272.77792, 266.71563, 299.37208, 257.36936, 272.21292, 293.23787, 282.08529, 282.12403, 245.03383, 262.0766, 211.67464, 255.68562, 227.98834, 218.64942, 254.20841, 221.34528, 216.66406, 222.79297, 222.96979, 230.5229, 227.59488, 225.64689, 200.90422, 216.3345, 209.35447, 204.89529, 209.91321, 186.97839, 197.29054, 228.964, 205.23959, 196.8348, 182.57338, 178.33522, 201.45118, 177.70649, 181.65102, 209.58704, 157.01766, 196.48482, 177.1876, 171.80689, 223.26528, 163.36137, 157.35893, 188.10015, 180.97411, 188.19972, 181.57382, 162.99667, 160.88624, 166.79654, 170.37552, 162.69566, 149.0287, 156.12959, 124.48103, 153.37851, 166.19361, 146.40107, 137.9541, 145.91643, 136.94268, 127.14182, 127.32295, 140.16934, 142.67303, 148.12729, 133.95124, 120.72834, 134.59091, 177.35, 115.55227, 124.1694, 91.19161, 120.99203, 117.36031, 128.2072, 133.91509, 123.6562, 131.68662, 128.24892, 109.66965, 108.71456, 123.57407, 138.04047, 147.12473, 128.24663, 118.67935, 131.85076, 143.98697, 127.16274, 119.58199, 116.72846, 133.94532, 118.89366, 122.94767, 118.17622, 99.161, 109.99998, 112.8623, 101.33474, 114.88295, 98.56601, 115.47994, 95.14299, 107.00332, 130.35964, 101.74263, 110.91511, 113.89686, 95.55369, 105.22963, 105.82334, 101.28629, 111.96573, 141.68487, 137.83777, 133.51486, 158.26697, 125.11194, 122.43598, 131.20667, 153.82764, 121.75971, 117.22919, 122.96558, 148.30712, 113.57928, 112.63804, 98.40328, 115.07365, 116.60106, 141.94434, 101.12235, 108.52661, 94.52326, 107.17821, 114.65309, 94.97638, 95.56948, 103.30625, 97.10189, 135.23353, 109.52198, 113.4889, 115.63961, 105.15902, 104.56689, 103.20242, 107.12526, 91.65804, 86.0461, 84.80194, 81.67113, 98.59857, 98.28336, 106.96147, 92.77183, 88.92629, 91.50331, 88.96744, 104.41803, 81.84244, 87.07265, 85.79918, 90.43994, 88.56293, 95.59665, 86.25176, 91.08036, 96.09979, 87.87448, 90.17414, 90.76393, 92.1756, 84.84587, 100.62709, 77.38402, 107.99479, 87.73745, 87.06482, 92.83576, 91.20148, 95.0114, 95.19595, 88.72044, 84.97511, 70.09822, 80.33471, 92.30568, 89.93422, 83.78356, 81.22168, 86.80105, 94.05087, 75.92139, 82.80614, 82.40925, 92.45535, 90.15619, 86.33644, 88.66298, 84.61558, 93.18527, 85.80522, 80.73207, 69.10313, 73.51962, 67.67772, 70.6068, 67.88099, 85.05607, 64.36951, 67.16347, 82.28106, 80.29133, 76.89138, 70.30259, 75.19611, 68.98949, 93.8525, 82.23218, 85.6293, 95.39155, 94.97057, 102.70909, 84.58155, 95.13889, 89.66867, 102.7249, 96.71727, 74.54839, 83.99643, 94.48408, 75.73211, 72.70591, 78.35361, 68.45728, 94.12202, 88.87933, 92.67414, 80.92671, 93.96581, 73.59016, 89.20589, 96.32439, 77.12187, 91.80332, 65.25314, 84.17632, 72.27651, 84.50703, 96.15486, 105.80338, 89.69044, 99.27425, 84.35758, 98.68849, 100.29122, 81.46663, 81.32285, 81.84052, 90.8369, 86.05861, 92.39956, 79.82693, 78.25924, 86.40193, 78.69112, 85.93416, 87.31764, 68.56102, 74.26107, 80.14743, 81.52298, 69.9864, 95.78282, 120.78154, 83.54461, 108.21768, 87.86989, 80.12576, 97.42608, 66.77681, 74.13665, 77.46852, 82.42157, 72.62138, 74.84578, 82.56066, 68.53402, 76.6729, 103.37087, 84.2782, 78.1643, 69.68605, 60.44444, 84.32053, 72.70824, 74.03841, 60.22773, 73.36956, 82.63779, 69.60318, 69.51116, 78.83706, 72.46282, 77.28208, 73.42543, 78.26396, 71.3141, 83.56482, 67.56736, 70.54765, 66.06056, 94.3672, 78.45661, 74.11039, 86.98716, 84.29602, 88.35938, 88.66601, 84.16492, 78.33309, 69.59965, 71.92983, 68.46356, 124.11599, 100.77655, 81.20303, 95.92051, 89.36452, 84.41778, 103.87972, 86.81282, 94.00904, 80.10824, 79.29254, 79.07119, 69.499, 78.72901, 78.81465, 71.39526, 80.54052, 71.29448, 60.45882, 60.15879, 67.67215, 60.13269, 61.86006, 52.71608, 56.11018, 61.79318, 69.77737, 74.24609, 70.11923, 71.77054, 76.09272, 87.72001, 69.21645, 77.85874, 66.32275, 92.3032, 121.29686, 120.75255, 101.04067, 94.44986, 101.76916, 91.1674, 86.98451, 93.06869, 94.89649, 103.39262, 89.00406, 82.97295, 80.24038, 71.51852, 79.89094, 79.92711, 71.01987, 71.74514, 74.68238, 65.34945, 84.10953, 75.70771, 75.43451, 87.28058, 79.24344, 88.36216, 90.57561, 86.55477, 85.03926, 74.01784, 79.99266, 90.81098, 78.43717, 69.84848, 64.92285, 72.09997, 72.7735, 69.03953, 76.48769, 72.92031, 68.00291, 83.63853, 71.57163, 83.77281, 83.1762, 69.80717, 65.94266, 70.60483, 74.43948, 74.47368, 73.85987, 65.56739, 64.37928, 60.71959, 76.38965, 73.84929, 90.39585, 85.95207, 65.91383, 76.55556, 74.93365, 83.84038, 73.06343, 71.93616, 64.61022, 84.26296, 117.6291, 70.52367, 68.95386, 80.95495, 62.88313, 56.18778, 65.73383, 68.35398, 80.23008, 89.31266, 62.18248, 62.2731, 69.66924, 66.27796, 74.83771, 62.80744, 81.51165, 71.76592, 72.26914, 71.74529, 81.22138, 89.73517, 76.06155, 67.0921, 61.88023, 70.53536, 76.29332, 73.87562, 99.67318, 84.39034, 79.11574, 85.52258, 80.16535, 89.63518, 101.5265, 81.34948, 104.91434, 75.2537, 113.50822, 94.44421, 67.82648, 73.23579, 54.89562, 74.60652, 94.70406, 75.9776, 67.90026, 70.74385, 88.48063, 70.50778, 83.53052, 59.57582, 75.91478, 76.8666, 73.44286, 92.12298, 80.36622, 71.19628, 94.25595, 59.77763, 64.34039, 78.15366, 61.03153, 83.70587, 72.7993, 76.289, 64.78575, 76.54514, 64.92996, 63.04319, 59.41411, 54.48829, 65.06106, 62.82277, 60.79193, 66.00393, 61.10878, 75.64761, 64.76973, 75.22306, 76.85216, 80.22698, 65.90139, 80.60887, 79.16981, 83.37972, 90.08583, 81.51078, 96.06655, 97.22371, 79.25571, 73.3035, 74.91805, 70.06489, 66.0731, 64.8037, 81.22848, 80.49387, 73.94562, 67.10682, 52.63354, 60.25505, 71.75183, 57.89652, 65.42044, 71.93247, 76.50502, 70.27558, 100.80425, 78.77288, 75.92646, 99.19083, 70.14147, 76.42159, 82.1923, 71.22611, 79.42746, 70.20931, 78.24076, 80.75879, 78.77575, 75.3428, 101.81374, 85.54066, 73.07421, 60.05244, 56.43217, 59.66831, 68.55312, 56.0956, 67.74974, 78.94882, 71.56476, 90.28817, 78.13858, 89.89442, 68.722, 71.91979, 64.79896, 66.35558, 73.74131, 60.23623, 79.24229, 71.11626, 73.50271, 68.28094, 61.42028, 54.36391, 63.36807, 61.18966, 73.43197, 74.7836, 77.75153, 90.76909, 91.21801, 71.42494, 73.02245, 83.98095, 57.13252, 74.97875, 91.97213, 83.54985, 73.00914, 88.49949, 72.51742, 74.46107, 70.14761, 65.6645, 74.65764, 78.76127, 73.50577, 68.5914, 65.78572, 54.78552, 65.94313, 61.73169, 64.842, 80.00775, 93.50533, 80.52729, 71.85392, 76.14053, 84.10791, 77.10329, 68.12702, 64.2701, 71.21569, 61.1424, 65.88519, 84.03996, 72.07561, 63.28767, 63.08457, 69.65025, 82.3078, 79.26346, 80.33458, 86.1267, 89.3845, 83.35022, 77.0275, 74.82973, 89.02721, 66.11518, 76.91573, 81.70259, 66.06677, 76.48045, 81.14274, 70.93007, 68.02662, 61.77885, 59.335, 58.07, 57.82092, 74.91261, 84.46357, 76.73084, 81.84597, 70.11502, 76.0435, 91.80816, 82.20428, 83.94241, 64.15226, 81.4545, 85.02861, 82.48962, 78.98884, 95.65951, 86.98381, 77.89287, 83.86618, 81.29069, 72.82176, 105.04431, 73.93176, 69.31801, 74.94857, 69.67536, 79.00885, 63.9744, 82.84995, 69.77804, 68.08256, 64.34475, 67.56125, 82.04995, 60.49435, 87.48102, 72.0462, 96.13511, 105.66728, 85.14809, 91.61355, 71.92261], "baseFolder": "/home/yochaiz/SmartHome/Reinforcement/DDPG",