{"settings": {"minGameScore": 2736, "TAU": 0.001, "minGameScoreRatio": 0.95, "batchSize": 64, "nGamesPerSave": 50, "nEpochs": 1, "minGameSequence": 500, "nModelBackups": 3, "gameMinutesLength": 2880, "dequeSize": 50000, "learningRate": 0.001, "gamma": 0.95, "trainSetSize": 64}, "args": {"settings": "/home/yochaiz/SmartHome/Reinforcement/settings.json", "k": 32, "random": true, "sequential": false, "gpuNum": 0, "gpuFrac": 0.45, "desc": "\"knn over all possible discrete actions, smaller batch size\""}, "results": {"loss": [28.63255, 26.77165, 31.97407, 42.16036, 43.30067, 39.8472, 28.73485, 25.58149, 29.35837, 27.49534, 25.48615, 23.19687, 21.62506, 27.59245, 24.14794, 20.29053, 20.46675, 18.72043, 20.86536, 18.85136, 18.1566, 17.72276, 15.02946, 15.11049, 14.64858, 15.25503, 12.9735, 12.23903, 13.27242, 11.93376, 12.14232, 10.64562, 12.60038, 12.56015, 10.52107, 11.05228, 10.61612, 11.1631, 12.01149, 10.40265, 10.05322, 9.7456, 8.84448, 10.14541, 10.31446, 10.23127, 9.8256, 10.10127, 8.86753, 9.62187, 8.6669, 8.96195, 9.07525, 9.42265, 7.99676, 8.83674, 8.44955, 7.90398, 7.27051, 7.376, 7.8892, 7.07079, 7.86416, 7.0896, 6.92856, 6.56981, 7.57315, 6.83759, 6.68056, 5.64275, 6.41246, 6.95041, 6.83398, 6.79733, 7.50651, 6.82103, 6.96588, 8.12213, 6.90171, 7.25163, 7.66935, 7.03165, 6.91884, 7.66126, 7.74533, 6.0725, 8.3176, 6.52194, 5.76909, 6.73627, 7.24687, 6.20543, 5.88195, 6.23674, 5.64496, 5.63796, 5.09091, 5.16977, 5.82777, 5.80745, 5.25754, 5.38688, 5.38981, 6.17974, 6.22173, 6.59865, 6.07064, 6.04723, 5.48489, 5.60528, 4.66495, 7.20124, 4.73783, 5.77513, 5.49053, 5.85848, 4.98703, 5.45993, 4.60364, 5.83111, 5.24816, 5.6958, 4.9239, 5.01266, 5.06438, 5.09996, 4.78963, 4.57718, 4.3884, 4.03161, 4.80385, 4.1067, 4.72591, 4.60865, 5.40517, 4.72398, 5.78676, 5.23817, 5.86187, 4.43437, 4.28886, 4.61413, 4.09106, 4.83997, 4.61717, 4.43953, 5.39495, 5.16567, 5.85864, 5.06356, 5.31576, 5.28127, 5.66326, 5.76488, 5.70288, 5.04641, 5.04093, 4.69349, 5.66456, 4.15005, 4.83846, 5.52667, 4.98237, 5.2944, 4.38787, 4.63608, 4.19148, 5.50197, 4.90678, 5.41779, 6.36226, 4.77654, 4.71309, 5.31554, 4.09617, 4.65109, 4.9279, 4.52995, 4.66672, 5.03775, 4.68161, 4.69017, 4.95086, 5.62916, 5.85185, 4.93054, 4.38482, 3.77854, 3.87411, 4.325, 4.09233, 3.97522, 4.4038, 3.67909, 3.54193, 3.95244, 4.08302, 4.39967, 4.34933, 4.37463, 4.36611, 4.32513, 4.01582, 4.51943, 4.30842, 5.35711, 4.79924, 5.37158, 4.06747, 4.28711, 4.4158, 4.40586, 4.32836, 4.61724, 4.6396, 4.90963, 4.80854, 4.62441, 4.57691, 4.07742, 4.19687, 4.59438, 4.1607, 3.94009, 3.74878, 3.40436, 3.7733, 4.94908, 4.34918, 4.1071, 3.54013, 4.57757, 5.18147, 4.16266, 4.50083, 4.20716, 3.67035, 3.80266, 4.02771, 3.66959, 3.91089, 3.49246, 3.97419, 3.48759, 3.70042, 4.14984, 3.92697, 4.30205, 3.61016, 3.93665, 3.89096, 4.07712, 3.62153, 3.83965, 3.90122, 3.30055, 4.58861, 3.44881, 3.0275, 3.55934, 2.8464, 3.34021, 3.6819, 4.46937, 3.59795, 3.89884, 4.09139, 4.86642, 4.45747, 3.80974, 3.95296, 4.20856, 3.88639, 3.72278, 3.79676, 3.22996, 3.99937, 4.5734, 3.79139, 4.14762, 3.69884, 4.42928, 4.4913, 3.43304, 3.76665, 4.10356, 3.9565, 3.85697, 3.55498, 3.67996, 3.98925, 3.99694, 4.06549, 4.6246, 3.72884, 3.88007, 3.69701, 4.21305, 3.59042, 4.02712, 3.90307, 3.81492, 3.8837, 3.89152, 3.61797, 4.10983, 3.66754, 3.81039, 4.10925, 4.24159, 4.13334, 3.89508, 4.41973, 4.07234, 3.66352, 3.58747, 4.00329, 3.63111, 3.62738, 4.42078, 4.67324, 4.29117, 4.14905, 4.47563, 4.55107, 4.34116, 4.85195, 4.16904, 4.3178, 4.43381, 4.30115, 3.86339, 4.41091, 4.88607, 5.41389, 4.84425, 3.71072, 4.16278, 4.94444, 3.86126, 4.57081, 4.11483, 3.9983, 3.63393, 3.4895, 3.8567, 3.3434, 3.23084, 3.54416, 3.51013, 3.65185, 3.1754, 3.3626, 3.34648, 3.8999, 3.2714, 3.21004, 2.70165, 2.98453, 2.7274, 3.00525, 3.3102, 3.33127, 3.30344, 3.25708, 4.34949, 3.92602, 4.78932, 3.60452, 3.72799, 4.16598, 3.37911, 4.07067, 4.87319, 4.61045, 4.49067, 5.47932, 5.01116, 4.3367, 4.02362, 4.27505, 4.58901, 4.47622, 4.4392, 4.49992, 5.49663, 6.55221, 4.59651, 5.79823, 5.04225, 4.7327, 4.06383, 4.04566, 4.27455, 3.84356, 3.79305, 4.87716, 4.27074, 3.97618, 3.71798, 3.24978, 3.80322, 2.9543, 2.88055, 2.86704, 3.0063, 2.69124, 4.04584, 3.78705, 4.85319, 3.60143, 3.4285, 3.50154, 3.71382, 4.68705, 4.04314, 4.2744, 4.19573, 4.34691, 4.16601, 3.42951, 3.44716, 4.19368, 3.92506, 3.51223, 3.9725, 4.8506, 4.38905, 4.09713, 4.04115, 3.9445, 4.58558, 4.67767, 5.05994, 3.56353, 4.39489, 3.47029, 4.2282, 4.01667, 4.17566, 3.37858, 3.6844, 4.66051, 4.10433, 4.27535, 4.21142, 4.0475, 3.51419, 3.35729, 2.72444, 3.20188, 4.22117, 3.72184, 3.39047, 2.98067, 4.05631, 3.29603, 4.48101, 4.13967, 4.41784, 4.01668, 3.72485, 4.34502, 3.56573, 3.72087, 3.90915], "score": [2345, 2321, 2327, 2363, 2468, 2527, 2298, 2484, 2443, 2476, 2493, 2545, 2561, 2522, 2444, 2575, 2619, 2563, 2619, 2577, 2544, 2565, 2641, 2574, 2648, 2515, 2587, 2658, 2661, 2642, 2600, 2675, 2621, 2631, 2694, 2683, 2713, 2607, 2584, 2683, 2691, 2687, 2732, 2729, 2698, 2624, 2716, 2738, 2636, 2669, 2726, 2698, 2707, 2746, 2665, 2696, 2750, 2673, 2743, 2690, 2749, 2715, 2734, 2735, 2738, 2745, 2740, 2679, 2735, 2793, 2759, 2738, 2648, 2704, 2628, 2773, 2741, 2733, 2727, 2741, 2650, 2733, 2770, 2714, 2744, 2779, 2760, 2757, 2767, 2781, 2675, 2789, 2735, 2775, 2787, 2791, 2754, 2754, 2717, 2788, 2782, 2784, 2704, 2688, 2741, 2725, 2793, 2743, 2777, 2793, 2706, 2722, 2777, 2748, 2751, 2751, 2769, 2806, 2812, 2754, 2761, 2775, 2794, 2746, 2766, 2752, 2775, 2808, 2805, 2779, 2777, 2813, 2711, 2760, 2727, 2793, 2723, 2745, 2763, 2753, 2799, 2752, 2795, 2754, 2775, 2745, 2714, 2793, 2698, 2807, 2777, 2783, 2803, 2712, 2797, 2821, 2779, 2787, 2770, 2811, 2804, 2803, 2794, 2767, 2779, 2794, 2793, 2786, 2791, 2777, 2792, 2761, 2804, 2806, 2790, 2799, 2769, 2780, 2788, 2815, 2793, 2692, 2760, 2804, 2724, 2815, 2817, 2781, 2798, 2782, 2813, 2804, 2829, 2801, 2819, 2769, 2756, 2789, 2788, 2813, 2772, 2769, 2790, 2796, 2773, 2735, 2752, 2805, 2808, 2795, 2745, 2810, 2785, 2797, 2761, 2811, 2814, 2779, 2811, 2830, 2765, 2821, 2780, 2798, 2817, 2817, 2810, 2737, 2769, 2795, 2831, 2761, 2775, 2824, 2817, 2800, 2817, 2825, 2793, 2785, 2810, 2835, 2783, 2821, 2805, 2785, 2780, 2780, 2817, 2773, 2796, 2821, 2833, 2719, 2770, 2830, 2812, 2843, 2834, 2837, 2829, 2822, 2721, 2794, 2804, 2755, 2786, 2769, 2797, 2795, 2792, 2818, 2833, 2832, 2812, 2813, 2809, 2730, 2826, 2830, 2808, 2840, 2792, 2798, 2797, 2745, 2820, 2819, 2824, 2751, 2838, 2814, 2782, 2797, 2818, 2818, 2804, 2803, 2783, 2802, 2823, 2797, 2760, 2807, 2803, 2810, 2739, 2827, 2747, 2789, 2796, 2808, 2798, 2789, 2820, 2801, 2772, 2772, 2810, 2771, 2803, 2818, 2819, 2805, 2817, 2823, 2754, 2822, 2815, 2788, 2799, 2822, 2802, 2761, 2838, 2807, 2832, 2724, 2812, 2823, 2779, 2825, 2792, 2804, 2835, 2749, 2834, 2790, 2801, 2833, 2815, 2822, 2833, 2788, 2770, 2826, 2815, 2844, 2843, 2827, 2784, 2800, 2839, 2811, 2797, 2681, 2767, 2759, 2837, 2826, 2809, 2812, 2776, 2754, 2793, 2779, 2818, 2814, 2798, 2844, 2795, 2809, 2790, 2815, 2809, 2800, 2764, 2787, 2818, 2821, 2812, 2783, 2829, 2815, 2788, 2808, 2717, 2825, 2838, 2842, 2846, 2815, 2841, 2807, 2841, 2845, 2801, 2791, 2808, 2743, 2821, 2811, 2798, 2785, 2801, 2787, 2814, 2799, 2752, 2828, 2825, 2805, 2793, 2826, 2835, 2757, 2795, 2805, 2833, 2800, 2780, 2825, 2781, 2827, 2821, 2781, 2834, 2766, 2815, 2773, 2829, 2811, 2763, 2827, 2811, 2801, 2828, 2846, 2824, 2850, 2724, 2761, 2794, 2796, 2823, 2755, 2845, 2741, 2845, 2799, 2824, 2785, 2802, 2841, 2810, 2800]}, "Actor": {"epsilon_decay": 0.99, "epsilon": 1.0, "curBackupIdx": 0, "epsilon_min": 0.01, "TAU": 0.001, "nBackups": 3, "k": 32, "actionDim": 5, "nActions": 32}, "Critic": {"TAU": 0.001, "nBackups": 3, "curBackupIdx": 0, "actionDim": 5}, "policy": {"numOfDevices": 5, "stateDim": [1, 8], "seqLen": 1, "policyJSON": {"10": [{"days": "weekdays", "times": [["21:00", "23:29"]]}, {"days": [5], "times": [["21:00", "23:29"]]}], "6": [{"days": "weekdays",