{"settings": {"minGameScore": 2736, "TAU": 0.001, "minGameScoreRatio": 0.95, "batchSize": 64, "nGamesPerSave": 10, "nEpochs": 1, "minGameSequence": 500, "nModelBackups": 3, "gameMinutesLength": 2880, "dequeSize": 50000, "learningRate": 0.001, "gamma": 0.95, "trainSetSize": 64}, "args": {"settings": "/home/yochaiz/SmartHome/Reinforcement/settings.json", "k": null, "random": true, "sequential": false, "gpuNum": 0, "gpuFrac": 0.45, "desc": "\"default knn size, ResNet architecture with ~34 layers\""}, "results": {"loss": [37359.2587, 1097.84934, 998.96407, 1026.15041, 942.3853, 917.82909, 795.05853, 693.1164, 627.75226, 583.35664, 534.44801, 505.58388, 496.83342, 530.99319, 500.7191, 457.01199, 440.011, 378.0795, 404.07052, 401.97303, 403.77253, 388.03528, 436.54246, 374.45017, 406.10273, 414.0266, 332.91901, 366.43812, 362.3189, 381.60038, 311.29676, 267.85011, 242.41664, 345.28935, 332.30563, 311.81213, 363.72955, 308.77922, 414.40216, 437.26983, 353.38629, 368.98752, 326.1004, 385.40044, 385.4572, 322.414, 438.02866, 401.48028, 330.35522, 294.71699, 323.94912, 318.7585, 288.0446, 457.23969, 348.37879, 430.62245, 370.3693, 338.9798, 294.30108, 248.99582, 295.83978, 380.99597, 271.30898, 431.71981, 543.32001, 482.783, 329.13576, 307.26192, 347.07827, 295.63007, 306.83052, 254.09357, 253.09966, 495.96148, 392.03047, 601.83048, 388.36005, 351.48081, 265.30046, 368.85492, 286.55449, 399.20232, 39230.21674, 176.05174, 169.44961, 251.84742, 215.3607, 298.49823, 203.77491, 293.82571, 350.05452, 16642.02121, 157.76597, 342.98602, 404.83441, 298.28219, 259.77647, 303.34714, 297.56764, 232.29416, 239.70515, 367.44306, 281.38426, 266.50265, 344.22871, 293.60475, 349.43667, 376.95721, 301.00503, 461.34986, 398.15314, 384.22869, 240.18948, 239.83916, 373.32285, 365.03901, 241.00456, 270.81639, 167.14342, 192.40979, 387.76934, 350.75686, 259.20879, 290.11268, 504.24567, 593.42997, 427.28264, 340.0843, 368.42891, 315.89871, 254.28563, 278.5966, 331.82323, 215.95233, 259.97734, 297.39688, 409.13327, 187.81413, 327.96237, 210.47188, 448.52031, 609.58321, 424.11774, 293.60915, 316.78117, 500.02951, 235.53624, 207.34474, 187.00569, 194.92529, 330.81315, 218.24811, 397.39194, 345.16351, 281.40156, 219.39612, 208.50092, 124.36574, 214.52667, 256.0347, 185.04446, 131.2287, 309.7388, 258.87523, 417.82969, 210.78314, 183.96808, 155.18395, 146.59814, 161.2295, 364.00854, 194.79987, 208.82539, 174.4968, 247.80716, 369.50443, 207.00197, 312.43918, 171.63932, 111.40218, 293.51451, 367.80108, 203.61979, 140.57063, 186.76173, 216.95515, 199.52247, 198.53228, 147.07234, 157.4277, 127.00727, 160.93729, 111.35931, 205.90084, 132.9903, 239.427, 132.3213, 164.55972, 207.48091, 143.20412, 340.54967, 226.03206, 219.32868, 125.17757, 353.21794, 264.80274, 160.26429, 207.08734, 114.30455, 193.97677, 151.13131, 218.06627, 166.21381, 119.6453, 196.82041, 148.95939, 174.7185, 192.77803, 96.29105, 135.17857, 421.80657, 149.00999, 358.86563, 224.0838, 121.7678, 345.4701, 116.07757, 368.00962, 197.37428, 630.47096, 370.86609, 557.11003, 311.9348, 195.81271, 202.19698, 189.26192, 196.42549, 186.15559, 219.32739, 164.19318, 426.39591, 173.47011, 143.99652, 229.77342, 215.99833, 507.38559, 215.4379, 156.90818, 201.33999, 334.1587, 370.72079, 267.53681, 242.37769, 148.33906, 198.8598, 164.60984, 144.41495, 201.76405, 234.24469, 292.31404, 230.85059, 290.34091, 206.25325, 202.07126, 145.40235, 204.83926, 278.11403, 201.41916, 190.94342, 149.20169, 174.74942, 215.15287, 169.9159, 156.73671, 171.35313, 128.27754, 164.78187, 394.02661, 209.95257, 283.7956, 246.18364, 298.75603, 162.19678, 205.63918, 134.59008, 159.80616, 232.55515, 169.38719, 154.6233, 172.26407, 432.73416, 151.64256, 440.40645, 175.96756, 424.96638, 212.27612, 229.63695, 172.91294, 263.54208, 137.68472, 176.60033, 245.84672, 114.4629, 97.07839, 140.29447, 125.56476, 133.75102, 148.48853, 124.60129, 148.28112, 91.46035, 128.49659, 203.23331, 114.912, 319.18216, 78.99376, 163.46265, 161.10283, 208.34858, 152.35313, 125.98566, 106.99972, 272.75328, 111.32239, 241.26101, 101.70354, 124.90574, 220.49556, 118.81414, 158.44524, 122.68401, 114.18818, 149.77807, 268.32211, 450.21254, 105.29654, 149.00129, 138.97901, 114.49131, 106.49275, 179.74723, 136.97868, 113.81131, 195.26194, 160.37209, 95.82585, 144.57667, 142.18352, 137.0698, 119.35092, 95.34337, 117.68285, 133.16308, 188.00631, 122.59017, 301.1376, 76.4686, 351.38875, 169.12187, 133.9577, 192.27031, 82.29456, 110.72283, 209.4319, 198.95424, 94.12625, 306.1829, 103.20949, 103.12336, 259.89867, 255.71172, 239.60069, 128.65356, 496.94138, 205.15079, 164.38694, 114.03004, 116.68471, 127.47983, 115.13859, 160.6191, 296.53607, 114.91565, 211.20191, 121.90188, 483.61091, 186.59827, 114.07631, 154.3371, 99.89651, 97.56177, 120.66908, 108.9354, 112.50388, 319.87492, 127.03761, 364.7168, 72.22089, 58.40849, 254.981, 178.83357, 129.84026, 444.72302, 245.07484, 208.58327, 195.90994, 244.88301, 446.16187, 95.22582, 106.11933, 388.78825, 155.19255, 92.43071, 136.49755, 110.17038, 117.07949, 79.15192, 117.85074, 322.71978, 372.61344, 124.43825, 130.95455, 162.03752, 258.50892, 285.52524, 83.49852, 308.74067, 135.04444, 414.92001, 218.86563, 224.0544, 99.29816, 519.92271, 326.82415, 301.69899, 179.48551, 166.87955, 231.74198, 91.02182, 164.65765, 161.58229, 84.31114, 175.52269, 210.2254, 102.56505, 141.36415, 126.09661, 185.51311, 125.00592, 140.09757, 121.07895, 129.93814, 83.89483, 355.44042, 118.01025, 81.26666, 370.91787, 93.50852, 97.6224, 204.56223, 226.47935, 194.06472, 270.34088, 182.46528, 199.30491, 102.56397, 118.73303, 150.34248, 69.95504, 388.85683, 180.48037, 196.24627, 118.49989, 204.89999, 88.87043, 118.20531, 90.26758, 179.53947, 79.40539, 134.41187, 123.4288, 141.21193, 206.5257, 308.38643, 277.44274, 175.30397, 93.51148, 218.08084, 308.61338, 199.37156, 119.48823, 221.87767, 560.66358, 247.06007, 178.88465, 162.23785, 119.88125, 112.32504, 162.91531, 124.40946, 511.1623, 355.39009, 509.85553, 162.85664, 133.20134, 129.11442, 146.22077, 103.28296, 293.63878, 165.8526, 141.9189, 206.79055, 202.28059, 369.91163, 465.91568, 381.95936, 217.03137, 261.01631, 394.10398, 264.2343, 414.42152, 266.57578, 161.85578, 131.26643, 361.36193, 337.80559, 256.02488, 209.3518, 97.00747, 128.88379, 242.28922, 211.18452, 123.27228, 406.612, 180.38375, 123.32768, 527.77157, 618.33969, 223.23432, 238.8291, 117.75648, 160.5585, 188.88019, 148.65745, 99.12545, 120.34429, 108.08975, 186.85754, 75.78725, 413.79217, 346.83498, 226.68523, 91.89443, 194.29531, 148.2355, 475.39008, 101.57737, 73.34947, 108.94769, 109.14361, 565.11259, 218.60092, 117.18257, 271.41923, 145.89151, 96.74112, 513.39883, 435.3934, 1016.76925, 1307.21912, 646.78512, 767.76946, 575.52036, 479.98087, 2671.15232, 1266.2802, 1184.15932, 1084.23049, 1096.73131, 1236.93052, 1274.55442, 1099.04986, 1305.41399, 1171.39833, 969.51554, 1007.6015, 823.23206, 939.41324, 1000.79699, 706.2726, 828.4737, 666.90416, 727.28591, 389.58433, 310.06539, 260.79488, 255.2048, 206.60389, 195.37085, 183.89604, 180.32704, 155.83969, 151.74859, 141.98493, 128.63582, 119.51754, 161.65393, 116.11997, 110.9982, 122.94847, 119.58077, 137.20677, 102.17001, 103.6221, 105.42814, 145.29076, 87.10603, 150.56411, 104.78053, 108.2946, 94.51107, 95.3089, 95.57512, 112.44371, 106.27943, 108.59037, 92.92485, 118.58724, 112.32604, 126.94564, 106.71583, 143.48351, 100.30813, 101.95379, 133.70754, 95.35666, 115.73638, 117.26063, 124.77833, 85.92524, 95.92148, 327.58128, 95.00204],