{"settings": {"minGameScore": 2736, "TAU": 0.001, "minGameScoreRatio": 0.95, "batchSize": 64, "nGamesPerSave": 10, "nEpochs": 1, "minGameSequence": 500, "nModelBackups": 3, "gameMinutesLength": 2880, "dequeSize": 50000, "learningRate": 0.001, "gamma": 0.95, "trainSetSize": 64}, "args": {"settings": "/home/yochaiz/SmartHome/Reinforcement/settings.json", "k": null, "random": true, "sequential": false, "gpuNum": 0, "gpuFrac": 0.45, "desc": "\"default knn size, ResNet architecture with ~34 layers\""}, "results": {"loss": [37359.2587, 1097.84934, 998.96407, 1026.15041, 942.3853, 917.82909, 795.05853, 693.1164, 627.75226, 583.35664, 534.44801, 505.58388, 496.83342, 530.99319, 500.7191, 457.01199, 440.011, 378.0795, 404.07052, 401.97303, 403.77253, 388.03528, 436.54246, 374.45017, 406.10273, 414.0266, 332.91901, 366.43812, 362.3189, 381.60038, 311.29676, 267.85011, 242.41664, 345.28935, 332.30563, 311.81213, 363.72955, 308.77922, 414.40216, 437.26983, 353.38629, 368.98752, 326.1004, 385.40044, 385.4572, 322.414, 438.02866, 401.48028, 330.35522, 294.71699, 323.94912, 318.7585, 288.0446, 457.23969, 348.37879, 430.62245, 370.3693, 338.9798, 294.30108, 248.99582, 295.83978, 380.99597, 271.30898, 431.71981, 543.32001, 482.783, 329.13576, 307.26192, 347.07827, 295.63007, 306.83052, 254.09357, 253.09966, 495.96148, 392.03047, 601.83048, 388.36005, 351.48081, 265.30046, 368.85492, 286.55449, 399.20232, 39230.21674, 176.05174, 169.44961, 251.84742, 215.3607, 298.49823, 203.77491, 293.82571, 350.05452, 16642.02121, 157.76597, 342.98602, 404.83441, 298.28219, 259.77647, 303.34714, 297.56764, 232.29416, 239.70515, 367.44306, 281.38426, 266.50265, 344.22871, 293.60475, 349.43667, 376.95721, 301.00503, 461.34986, 398.15314, 384.22869], "score": [-879, -429, -482, -1127, -766, -747, -593, -833, -756, -1176, -784, -668, -858, -684, -787, -607, -631, -412, -486, -614, -565, -328, -677, -886, -756, -609, -737, -442, -770, -784, -743, -357, -739, -706, -572, -737, -510, -739, -496, -394, -717, -930, -679, -762, -627, -606, -823, -834, -463, -620, -589, -764, -723, -786, -496, -711, -808, -595, -522, -633, -693, -1031, -722, -538, -714, -489, -746, -558, -884, -564, -469, -831, -957, -592, -810, -707, -726, -794, -833, -645, -735, -548, -843, -163, -353, -812, -1015, -843, -682, -621, -686, -654, -706, -823, -594, -867, -930, -576, -581, -339, -878, -811, -747, -660, -624, -402, -719, -812, -846, -662, -746, -692]}, "Actor": {"epsilon_decay": 0.99, "epsilon": 1.0, "curBackupIdx": 0, "epsilon_min": 0.01, "TAU": 0.001, "nBackups": 3, "k": 10, "actionDim": 5, "nActions": 32}, "Critic": {"TAU": 0.001, "nBackups": 3, "curBackupIdx": 0, "actionDim": 5}, "policy": {"numOfDevices": 5, "stateDim": [1, 8], "seqLen": 1, "policyJSON": {"10": [{"days": "weekdays", "times": [["21:00", "23:29"]]}, {"days": [5], "times": [["21:00", "23:29"]]}], "6": [{"days": "weekdays", "times": [["20:40", "23:59"], ["00:00", "00:14"]]}, {"days": [4], "times": [["00:00", "00:14"]]}, {"days": [5], "times": [["21:00", "23:59"]]}], "weekdays": [0, 1, 2, 3, 6], "Devices": ["Room light1", "Room light2", "Room light3 (backdoor)", "Kitchen light", "Toilets light"], "days": ["Monday", "Tuesday", "Wednesday", "Thursday", "Friday", "Saturday", "Sunday"], "1": [{"days": [0, 1, 2, 3, 6], "times": [["08:30", "08:59"], ["20:30", "21:29"]]}, {"days": [4], "times": [["10:00", "13:29"]]}, {"days": [5], "times": [["18:00", "18:59"]]}], "0": [{"days": [0, 1, 2, 3, 6], "times": [["00:00", "00:29"], ["08:00", "08:59"], ["20:30", "23:59"]]}, {"days": [4], "times": [["00:00", "00:59"], ["09:30", "13:29"]]}, {"days": [5], "times": [["18:00", "23:59"]]}], "3": [{"days": [0, 1, 2, 3, 6], "times": [["08:30", "08:44"], ["20:45", "21:29"], ["23:15", "23:44"]]}, {"days": [4], "times": [["10:00", "10:59"], ["12:45", "13:14"]]}, {"days": [5], "times": [["18:00", "19:59"], ["21:00", "23:14"]]}], "2": [{"days": [0, 1, 2, 3, 6], "times": [["00:30", "01:09"]]}, {"days": [4], "times": [["00:30", "01:09"]]}], "5": [{"days": "weekdays", "times": [["08:35", "08:42"], ["21:09", "21:11"], ["00:05", "00:24"]]}, {"days": [4], "times": [["10:18", "10:29"], ["00:05", "00:24"]]}, {"days": [5], "times": [["19:09", "19:09"], ["21:34", "21:34"]]}], "4": [{"days": [0, 1, 2, 3, 6], "times": [["08:30", "08:34"], ["21:05", "21:08"]]}, {"days": [4], "times": [["10:10", "10:17"]]}, {"days": [5], "times": [["19:05", "19:08"], ["21:20", "21:33"]]}], "7": [{"days": "weekdays", "times": [["20:40", "23:59"], ["00:00", "00:14"]]}, {"days": [4], "times": [["00:00", "00:14"]]}, {"days": [5], "times": [["21:00", "23:59"]]}], "Time format": "%H:%M", "9": [{"days": "weekdays", "times": [["09:00", "09:00"], ["20:30", "20:30"]]}, {"days": [4], "times": [["13:29", "13:29"]]}, {"days": [5], "times": [["18:00", "18:00"]]}], "8": [{"days": "weekdays", "times": [["20:31", "20:54"]]}, {"days": [5], "times": [["18:00", "18:59"]]}], "weekend": [4, 5]}}}