{"settings": {"minGameScore": 2736, "TAU": 0.001, "minGameScoreRatio": 0.95, "batchSize": 64, "nGamesPerSave": 50, "nEpochs": 1, "minGameSequence": 500, "nModelBackups": 3, "gameMinutesLength": 2880, "dequeSize": 50000, "learningRate": 0.001, "gamma": 0.95, "trainSetSize": 64}, "args": {"settings": "/home/yochaiz/SmartHome/Reinforcement/settings.json", "k": null, "random": true, "sequential": false, "gpuNum": 0, "gpuFrac": 0.45, "desc": "\"default knn size, smaller batch size\""}, "results": {"loss": [56.90276, 38.5575, 35.26191, 33.02941, 23.32133, 22.52836, 23.61073, 26.98346, 22.67897, 23.30639, 22.20687, 21.72274, 21.76119, 20.43552, 20.85599, 19.40473, 17.79309, 19.43586, 17.33508, 16.08937, 17.35064, 18.40075, 14.97732, 14.54992, 14.64525, 14.11263, 12.53804, 12.6402, 13.04148, 13.26309, 12.06331, 11.7666, 12.52737, 11.82686, 10.35053, 10.89062, 9.19406, 10.14051, 8.77226, 10.29622, 9.46598, 9.92527, 8.36452, 10.9679, 9.85847, 9.70387, 9.47191, 8.58495, 9.49224, 10.45123, 9.08165, 9.70609, 9.5219, 9.67792, 8.24513, 8.49597, 8.97795, 7.79789, 7.82047, 7.63219, 9.0737, 8.85121, 7.43139, 8.04026, 8.08739, 9.23826, 8.01236, 8.95419, 7.42617, 9.2211, 8.58952, 7.0877, 7.59185, 7.18513, 7.12894, 7.98575, 8.20399, 7.59861, 6.86202, 6.21727, 8.04679, 5.61859, 6.74704, 7.32181, 5.91847, 5.74796, 6.22112, 5.50886, 5.92395, 6.78657, 6.10832, 6.89727, 8.50105, 8.85966, 6.57034, 9.12259, 8.23321, 6.87957, 7.63208, 6.72548, 6.46037, 6.50116, 6.4613, 6.52595, 6.59959, 6.72806, 7.16378, 6.85589, 7.08347, 6.71815, 5.2438, 5.3492, 5.29543, 5.2918, 6.16853, 5.74762, 7.31848, 6.80897, 6.21031, 6.31721, 6.97422, 5.94333, 6.96719, 5.77669, 5.52781, 7.1272, 5.47953, 6.25116, 5.79424, 7.04736, 5.22536, 5.91345, 5.1673, 6.07202, 5.53479, 5.11689, 4.62827, 6.7179, 5.80817, 5.78933, 6.11965, 4.57776, 5.07465, 4.93171, 5.89435, 5.60007, 5.22212, 5.41078, 4.966, 4.97571, 5.01198, 4.37964, 4.55004, 5.19284, 4.66756, 3.93569, 3.65135, 4.11451, 3.87459, 4.3759, 4.50271, 5.10997, 4.36668, 4.43987, 4.44875, 4.47112, 4.44652, 4.78657, 5.18231, 3.87953, 4.05788, 4.02301, 4.24443, 4.06535, 3.99312, 5.5043, 5.00257, 4.53346, 4.79699, 4.68968, 4.75906, 4.22523, 4.41832, 4.10542, 3.97003, 4.40143, 4.42094, 5.03733, 4.40574, 3.68532, 3.92426, 3.89471, 3.9929, 4.4045, 4.53581, 4.09699, 3.85479, 4.77833, 3.24257, 4.29469, 3.5482, 4.76719, 4.12818, 4.15218, 4.06875, 4.67203, 4.60118, 4.78712, 4.86181, 4.37416, 5.10306, 4.42991, 4.18301, 4.53505, 4.97259, 4.3617, 4.68966, 5.13104, 4.98755, 4.55029, 4.46717, 4.52668, 4.59093, 4.28896, 4.32453, 4.62279, 4.11795, 3.72314, 3.79068, 3.75288, 4.30561, 4.65417, 4.44226, 4.07429, 3.46096, 5.35717, 5.58323, 4.6282, 4.25114, 3.77432, 4.3382, 3.99299, 5.08849, 4.25481, 4.04445, 4.41008, 4.21164, 4.48964, 4.79952, 5.38877, 3.98764, 4.08671, 5.6427, 5.62315, 4.68544, 4.79802, 4.97076, 5.04864, 5.41869, 4.18338, 5.42591, 5.21739, 4.87693, 4.40854, 4.63642, 4.50154, 4.27758, 4.61412, 3.68887, 4.04807, 4.50065, 4.32791, 4.33256, 4.31478, 3.75981, 4.08726, 3.75924, 4.52456, 3.49041, 4.03882, 4.50219, 4.00003, 3.72859, 4.21788, 4.40011, 4.02436, 3.83188, 3.94671, 3.71885, 3.48513, 3.42853, 3.52935, 3.7399, 3.40877, 3.92138, 3.54553, 4.01206, 3.63157, 3.34205, 4.08421, 3.54841, 3.63056, 3.52611, 4.05462, 3.39211, 3.78545, 4.04892, 3.9029, 4.07268, 3.80973, 3.97307, 3.32482, 4.03276, 4.17854, 4.02561, 3.74262, 4.02506, 3.82608, 3.29688, 4.44575, 3.12399, 3.76747, 3.52249, 3.36217, 3.55157, 3.9802, 3.66769, 4.56105, 4.36243, 3.64905, 4.01707, 3.33809, 3.60533, 3.10625, 3.78594, 3.72645, 3.81896, 4.36527, 3.74236, 4.41334, 3.78735, 4.14746, 4.38736, 4.32774, 3.93409, 3.58819, 4.07344, 3.39037, 3.43462, 4.33745, 4.17328, 3.39618, 4.46566, 3.67374, 3.79869, 4.45584, 3.41571, 5.01502, 4.97227, 5.17255, 4.60548, 4.0617, 3.9628, 4.09521, 3.96963, 4.08493, 3.90786, 3.93575, 3.7641, 3.7729, 3.84587, 3.90267, 3.78252, 3.84979, 3.60655, 3.42727, 3.56057, 3.07831, 3.71504, 3.2631, 3.71987, 3.76612, 3.61497, 4.30836, 4.0008, 4.63555, 3.91712, 3.98209, 4.27284, 5.4536, 4.57924, 6.32618, 5.01584, 4.93973, 5.14186, 4.49649, 4.83316, 5.12483, 4.90818, 4.40548, 4.35005, 4.4451, 4.52898, 4.17804, 4.93984, 4.26314, 4.51023, 4.46072, 3.54406, 4.07695, 4.37644, 4.13396, 4.34272, 4.04443, 4.21178, 4.32342, 4.6695, 4.81073, 4.36826, 4.56578, 4.6762, 5.17017, 4.54609, 5.23452, 4.68769, 4.67226, 4.84277, 5.50092, 5.38221, 4.61494, 4.20082, 4.17432, 4.88116, 4.68124, 4.27456, 4.91274, 4.28551, 4.49502, 4.16599, 4.28556, 4.59342, 4.464, 4.16565, 4.67835, 4.13114, 4.2211, 3.9744, 3.51352, 4.2253, 4.37609, 4.97594, 4.85264, 4.52764, 4.21169, 4.32571, 4.82863, 4.49415, 4.44862, 4.40014, 4.67051, 4.53779, 5.23593, 5.01273, 5.08706, 5.4296], "score": [1794, 2001, 1923, 1887, 2184, 2144, 2195, 1980, 1960, 2114, 2257, 2295, 2198, 1828, 2437, 2132, 2417, 2198, 2087, 2163, 2089, 2116, 1823, 2257, 2255, 2318, 2400, 2295, 2081, 2188, 2245, 2073, 2302, 2248, 2299, 2269, 2316, 2446, 2207, 2291, 2279, 2336, 2278, 2093, 2265, 2092, 2090, 2381, 2058, 2104, 2176, 2341, 2437, 2499, 2183, 2378, 2283, 2299, 2364, 2289, 2424, 2410, 2279, 2352, 2296, 2461, 1978, 2324, 2412, 2358, 2393, 2473, 2166, 2432, 2384, 2226, 2249, 2251, 2080, 2479, 2073, 2369, 2367, 2196, 2385, 2227, 2291, 2393, 2274, 2257, 2323, 2160, 2061, 2219, 2345, 2375, 2383, 2165, 2371, 2468, 2338, 2424, 2331, 2248, 2355, 2459, 2286, 2379, 2362, 2602, 2479, 2485, 2439, 2269, 2439, 2485, 2300, 2371, 2506, 2485, 2546, 2352, 2437, 2447, 2434, 2475, 2373, 2435, 2464, 2451, 2351, 2339, 2571, 2529, 2221, 2452, 2265, 2289, 2285, 2403, 2350, 2472, 2171, 2370, 2189, 2545, 2616, 2301, 2158, 2127, 2321, 2465, 2329, 2371, 2519, 2526, 2190, 2356, 2337, 2232, 2323, 2394, 2291, 2350, 2463, 2374, 2348, 2209, 2383, 2275, 2420, 2373, 2239, 2403, 2425, 2442, 2390, 2294, 2502, 2373, 2145, 2419, 2274, 2333, 2418, 2369, 2318, 2526, 2501, 2422, 2243, 2402, 2360, 2293, 2439, 2299, 2234, 2601, 2436, 2319, 2574, 2346, 2066, 2507, 2643, 2553, 2511, 2345, 2379, 2420, 2444, 2403, 2527, 2590, 2458, 2435, 2278, 2425, 2235, 2276, 2282, 2405, 2424, 2242, 2441, 2346, 2423, 2457, 2457, 2267, 2287, 2328, 2552, 2253, 2431, 2559, 2255, 2496, 2309, 2209, 2620, 2359, 2505, 2241, 2259, 2442, 2486, 2383, 2687, 2444, 2387, 2566, 2352, 2342, 2531, 2214, 2361, 2377, 2180, 2327, 2219, 2291, 2480, 2248, 2546, 2443, 2559, 2331, 2322, 2347, 2413, 2298, 2306, 2429, 2265, 2382, 2430, 2339, 2475, 2335, 2359, 2433, 2337, 2291, 2483, 2278, 2311, 2438, 2325, 2477, 2413, 2272, 2252, 2543, 2415, 2145, 2318, 2663, 2487, 2469, 2579, 2287, 2548, 2647, 2387, 2375, 2153, 2317, 2253, 2495, 2345, 2424, 2234, 2324, 2419, 2271, 2227, 2342, 2529, 2313, 2277, 2343, 2535, 2346, 2367, 2135, 2317, 2347, 2255, 2273, 2279, 2074, 2611, 2337, 2495, 2425, 2265, 2477, 2490, 2464, 2179, 2348, 2295, 2446, 2411, 2423, 2306, 2160, 2353, 2409, 2293, 2418, 2520, 2467, 2267, 2546, 2633, 2457, 2283, 2327, 2435, 2481, 2252, 2343, 2304, 2116, 2664, 2312, 2233, 2378, 1966, 2339, 2176, 2245, 2263, 2447, 2275, 2205, 2335, 2593, 2254, 2244, 2330, 2203, 2176, 2188, 2385, 2405, 2287, 2379, 2117, 1886, 1963, 2225, 2445, 2248, 2213, 2233, 2295, 2382, 2186, 2349, 2476, 2368, 2426, 2412, 2326, 2269, 2341, 2377, 2175, 2507, 2201, 2111, 2287, 2107, 2407, 2374, 2117, 2387, 1994, 2222, 2196, 2099, 2418, 2113, 2501, 2473, 2250, 2242, 2601, 2301, 2398, 2382, 2071, 2301, 2177, 2207, 2517, 2417, 2292, 2115, 2204, 2209, 2091, 2435, 2358, 2220, 2303, 2268, 2225, 2193, 2121, 2258, 2407, 2281, 2424, 2241, 2342, 1980, 2307, 2381, 2373, 2213, 2303]}, "Actor": {"epsilon_decay": 0.99, "epsilon": 1.0, "curBackupIdx": 0, "epsilon_min": 0.01, "TAU": 0.001, "nBackups": 3, "k": 10, "actionDim": 5, "nActions": 32}, "Critic": {"TAU": 0.001, "nBackups": 3, "curBackupIdx": 0, "actionDim": 5}, "policy": {"numOfDevices": 5, "stateDim": [1, 8], "seqLen": 1, "policyJSON": {"10": [{"days": "weekdays", "times": [["21:00", "23:29"]]}, {"days": [5], "times": [["21:00", "23:29"]]}], "6": [{"days": "weekdays",