{"settings": {"minGameScore": 2736, "TAU": 0.001, "minGameScoreRatio": 0.95, "batchSize": 64, "nGamesPerSave": 10, "nEpochs": 1, "minGameSequence": 500, "nModelBackups": 3, "gameMinutesLength": 2880, "dequeSize": 50000, "learningRate": 0.001, "gamma": 0.95, "trainSetSize": 64}, "args": {"settings": "/home/yochaiz/SmartHome/Reinforcement/settings.json", "k": 32, "random": true, "sequential": false, "gpuNum": 0, "gpuFrac": 0.45, "desc": "\"knn over all possible discrete actions, ResNet architecture with ~10 layers\""}, "results": {"loss": [136.42125, 70.31183, 79.18596, 63.66504, 57.74482, 62.77133, 51.30459, 52.28465, 48.24619, 42.45962, 46.97579, 40.4618, 34.49825, 38.41119, 35.59365, 35.02152, 29.02146, 28.15845, 32.67176, 34.56185, 29.79102, 25.75952, 25.43618, 27.36091, 26.16136, 23.24412, 23.95803, 21.01678, 27.1782, 24.39602, 24.26298, 23.33612, 19.60691, 22.85716, 20.70074, 20.19136, 19.95021, 18.88544, 20.07616, 17.39224, 21.05192, 20.42321, 20.17066, 18.60826, 21.43592, 20.42179, 21.97304, 16.45157, 16.04806, 17.27051, 20.44925, 18.13276, 15.22029, 16.9042, 16.5409, 14.79515, 16.33004, 15.4969, 14.18885, 14.05535, 13.6087, 15.2405, 14.53613, 11.79228, 16.37732, 19.99127, 14.7806, 13.49575, 17.16913, 15.27681, 14.50591, 15.53421, 16.02082, 17.79778, 14.39591, 10.49833, 14.89169, 16.42241, 16.32675, 12.71431, 13.73771, 14.39888, 13.19293, 11.34451, 13.96349, 18.61623, 13.54806, 12.21016, 12.16547, 9.89097, 9.72715, 12.94219, 10.7392, 10.2795, 10.66011, 11.26474, 10.39792, 11.66452, 17.83686, 19.56482, 11.8982, 11.81156, 16.17209, 12.13559, 11.48148, 11.76837, 14.4476, 16.31539, 10.08826, 14.13341, 11.77657, 11.48436, 11.69546, 10.11653, 9.50966, 8.50122, 10.77325, 11.01652, 10.20526, 10.30869, 9.23683, 11.41098, 9.86025, 12.995, 9.70988, 10.4816, 16.47904, 14.01885, 13.65072, 12.69673, 13.18868, 10.20695, 10.36325, 12.25401, 11.77701, 10.83897, 12.82564, 8.38639, 8.88113, 9.20674, 9.18357, 9.06464, 7.92752, 7.63113, 15.81119, 13.05169, 16.94211, 20.91383, 15.32199, 14.00497, 31.12904, 24.15097, 15.14601, 17.92508, 20.95716, 23.33023, 39.17796, 52.19219, 43.54058, 44.50941, 32.99196, 34.26374, 47.9763, 65.60203, 67.59811, 63.33527, 87.911, 99.12011, 116.95068, 124.51891, 136.63934, 128.45816, 113.49313, 97.10337, 68.47318, 62.91224, 62.2455, 78.00555, 144.33884, 166.60045, 131.923, 106.60166, 113.84352, 98.17275, 116.99284, 88.2953, 112.50329, 94.81515, 66.81908, 63.85244, 70.70243, 56.2617, 72.81522, 60.67821, 1433.2312, 637.57919, 803.81128, 967.4608, 1106.64199, 1206.90841, 1329.70829, 1396.96507, 1428.53704, 1430.33978, 1459.03454, 1476.20124, 1441.69772, 1368.41404, 1272.14666, 1155.1691, 1026.93798, 892.04806, 881.73186, 889.71248, 903.53084, 900.88789, 894.45246, 922.71217, 911.08068, 915.30845, 925.76031, 932.8743, 942.25038, 942.75665, 949.87701, 952.51855, 963.057, 973.61199, 980.35568, 980.13592, 973.2415, 974.8302, 978.98899, 980.28941, 965.70317, 972.11431, 1002.85269, 994.92393, 1004.3484, 1001.38165, 1005.40773, 1010.67174, 1012.15964, 1005.09686, 980.04737, 967.22252, 966.22498, 948.80332, 960.0132, 964.91752, 975.70594, 985.35023, 979.92691, 959.33583, 949.77451, 938.43373, 927.8558, 939.36979, 938.71177, 952.37596, 963.00528, 981.82387, 976.41032, 969.69144, 971.55683, 978.48383, 982.83442, 992.40611, 979.30665, 979.10628, 979.96625, 984.27598, 995.34854, 1006.396, 986.40864, 992.81391, 986.17753, 964.80173, 960.95319, 977.62092, 985.7371, 1019.05533, 1005.6928, 995.71622, 973.30942, 970.19571, 972.02639, 984.6192, 973.2849, 975.16942, 972.26693, 961.4632, 946.87017, 944.65755, 945.23138, 953.69827, 947.14313, 933.23284, 911.89159, 910.99745, 908.80674, 905.04215, 915.83239, 915.14208, 917.70519, 912.88009, 906.84033, 927.54836, 941.23361, 939.19948, 933.30728, 929.44151, 940.5377, 952.51829, 958.82533, 974.82701, 984.18021, 964.04103, 984.14109, 1016.46665, 1010.82978, 1031.16555, 1044.70718, 1044.68152, 1053.7002, 1048.70147, 1047.31532, 1060.48897, 1072.44534, 1074.33658, 1056.47009, 1060.57766, 1063.99385, 1064.22307, 1065.44023, 1044.10879, 1032.6941, 1003.4411, 1003.04426, 978.73872, 979.42789, 985.80406, 975.10638, 986.36231, 981.25858, 971.93554, 957.89988, 973.86628, 962.89383, 965.45928, 978.77447, 975.72793, 975.71133, 969.7877, 971.38758, 954.83136, 959.40216, 963.93632, 958.10101, 950.45631, 951.98501, 948.81893, 956.31341, 972.57376, 994.28627, 984.87811, 970.11691, 953.72075, 944.47443, 951.90933, 955.42624, 961.26056, 953.88487, 946.7565, 939.33968, 951.66932, 949.56042, 933.50501, 954.87638, 973.84282, 952.99963, 940.88822, 940.60213, 961.75872, 963.2553, 967.38991, 952.90689, 955.13398, 955.19249, 958.70798, 976.48869, 984.1575, 965.16085, 980.78122, 1020.75957, 1006.896, 989.27619, 992.58191, 989.20267, 982.69029, 991.59762, 1003.03134, 1024.34525, 1022.05356, 1021.85797, 1057.47832, 1081.99851, 1069.29986, 1076.81569, 1081.87496, 1097.92213, 1052.70564, 1045.91905, 1040.22952, 1023.03978, 1040.75515, 1042.60041, 1006.96552, 1010.82481, 985.40011, 981.10632, 976.82674, 958.1635, 933.38831, 944.91569, 949.32526, 949.50487, 926.8258, 924.14691, 931.76812, 963.62836, 971.47011, 969.84812, 960.67037, 964.80221, 949.90079, 935.61788, 944.40661, 944.81213, 950.4981, 957.37264, 950.85862, 921.5625, 916.95995, 918.54605, 933.68429, 933.31901, 915.49003, 930.83708, 938.82899, 969.31057, 983.61504, 999.91608, 1010.62805, 996.0367, 996.78998, 989.27855, 991.50669, 978.18187, 996.35097, 988.0168, 1006.46147, 1009.16354, 1018.41811, 1006.64651, 988.90048, 971.04469, 955.70023, 928.84543, 926.55689, 910.51335, 913.96852, 903.16434, 886.80332, 881.41143, 896.44454, 916.17248, 919.65937, 925.20393, 920.9808, 919.75598, 913.83648, 904.86236, 911.27053, 912.17287, 901.7047, 895.38746, 896.56024, 907.37071, 919.09188, 931.26972, 940.795, 943.24283, 925.26978, 920.16952, 920.39678, 920.7939, 934.08578, 933.6788, 946.86474, 955.87391, 966.20262, 975.10068, 983.97012, 981.59709, 965.91618, 964.97787, 972.51454, 954.6056, 948.13678, 975.03675, 986.58833, 991.15486, 972.36113, 960.0327, 949.19497, 943.30548, 940.19682, 928.0045, 919.44965, 933.40312, 938.36136, 947.20133, 946.60157, 954.84698, 964.64269, 966.41098, 931.99569, 941.0021, 947.47928, 961.70773, 949.42525, 943.21237, 955.94762, 958.21155, 948.26154, 977.53022, 971.00909, 995.58683, 1001.84285, 1014.93729, 1018.19131, 1015.98367, 1037.47503, 1063.25019, 1050.15964, 1059.81956, 1049.15392, 1070.39595, 1106.9263, 1105.07646, 1085.02293, 1087.48882, 1083.1803, 1091.47185, 1079.54732, 1069.61215, 1072.70891, 1077.15374, 1075.72023, 1078.90203, 1063.08267, 1080.48964, 1075.73289, 1063.63889, 1061.61983, 1054.08102, 1054.58032, 1086.90762, 1098.71622, 1095.86615, 1071.46004, 1060.48895, 1071.9647, 1082.30648, 1054.5564, 1041.50151, 1031.95513, 1036.32439, 1034.76869, 1025.66062, 1020.71399, 1013.63379, 1011.19091, 1013.9071, 1004.10138, 982.45191, 982.22963, 980.83053, 996.10385, 997.5501, 1004.35729, 993.43107, 994.89977, 990.59345, 981.20456, 992.36089, 1001.30261, 996.99019, 993.79914, 975.7577, 945.17135, 931.24094, 935.03586, 955.92722, 964.45534, 954.12174, 943.20225, 934.90856, 934.69687, 938.41832, 936.47381, 947.61821, 943.25438, 922.12323, 931.64448, 943.74188, 965.53446, 995.01694, 1022.56686, 1026.22806, 1025.87408, 1038.14793, 1050.7695, 1067.23966, 1074.28357, 1094.56364, 1095.32947, 1095.64377, 1106.13024, 1110.17187, 1136.59702, 1140.14091, 1133.70972, 1096.66634, 1084.84781, 1069.35674, 1084.89591, 1080.44825, 1053.4819, 1049.79688, 1024.38103, 1017.71442, 1024.4141, 1014.41459, 1023.99619, 1014.75482, 1004.79073, 986.83877, 1014.5911, 1016.79996, 1012.82659, 1048.63547, 1056.8379, 1032.74118, 1033.27441, 1037.73665, 1022.98964, 1026.09512, 1053.83367, 1041.38508, 1051.76381, 1058.89557, 1078.45879, 1091.78541, 1087.83144, 1095.10124, 1085.374, 1091.85355, 1095.36687, 1084.74992, 1114.40842, 1111.77912, 1146.3065, 1143.02311, 1137.95189, 1122.18925, 1106.42579, 1100.94568, 1104.83368, 1113.62642, 1100.63518, 1100.6311, 1072.87259, 1077.18963, 1064.47151, 