{"results": {"loss": [15.11735, 9.2355, 9.1138, 9.57972, 7.89983, 6.89596, 6.79564, 5.94843, 6.31758, 6.15703, 6.10093, 6.13436, 5.63885, 5.27541, 5.23939, 4.96215, 4.63974, 4.54169, 4.18395, 4.70775, 4.36663, 3.71814, 4.04823, 4.33725, 4.20146, 4.21693, 4.21207, 3.85682, 3.64178, 3.34373, 3.59997, 3.27389, 3.22064, 3.19073, 3.13071, 2.8195, 2.85468, 3.13601, 2.87232, 3.12572, 3.21208, 2.83959, 2.76361, 2.32518, 2.73058, 2.42774, 2.38535, 2.43093, 3.23584, 2.84809, 2.4335, 2.49379, 2.53008, 2.48039, 2.72695, 2.14836, 2.37342, 2.65775, 1.92786, 1.90499, 1.85217, 2.1598, 2.07783, 1.97332, 2.16503, 2.03948, 1.93623, 1.92923, 1.91539, 2.15434, 1.88277, 1.6007, 1.76087, 1.65773, 1.70327, 1.60613, 1.53243, 1.5846, 1.83228, 1.66753, 1.62755, 1.46421, 1.68417, 1.7565, 1.45478, 1.98443, 1.53508, 1.37548, 1.27739, 1.68317, 1.37175, 1.57423, 1.77369, 1.7288, 1.49116, 1.66143, 1.67235, 1.85846, 1.78464, 1.71071, 1.37308, 1.72604, 1.20936, 1.21177, 1.5039, 2.01232, 1.60243, 1.54788, 1.65459, 1.44693, 1.54993, 1.6851, 1.80315, 1.63528, 1.56581, 1.48662, 1.33699, 1.25786, 1.3965, 1.3953, 1.48194, 1.48046, 1.8081, 1.64564, 1.38302, 1.50858, 1.61224, 1.64679, 1.41453, 1.44379, 1.64229, 1.23765, 1.41314, 1.39157, 1.26773, 1.53514, 1.73034, 1.61738, 1.4838, 1.47998, 1.40392, 1.43069, 1.29506, 1.35414, 1.3208, 1.1482, 1.32164, 1.43295, 1.53345, 1.30515, 1.57066, 1.54676, 1.40627, 1.46127, 1.42026, 1.31506, 1.39883, 1.24774, 1.23027, 1.26207, 1.07561, 1.01052, 1.1325, 1.10034, 1.36664, 1.57156, 1.29826, 1.2267, 1.15982, 1.25997, 0.87278, 1.21645, 1.11114, 1.22188], "actionDim": "actionDim-5", "score": [860, 1036, 1076, 1219, 1235, 1266, 1290, 1265, 1188, 1165, 1200, 1144, 1201, 1235, 1273, 1325, 1332, 1328, 1342, 1336, 1333, 1335, 1261, 1265, 1278, 1265, 1325, 1293, 1316, 1344, 1344, 1355, 1341, 1369, 1363, 1331, 1308, 1325, 1324, 1299, 1310, 1328, 1354, 1359, 1353, 1370, 1367, 1361, 1353, 1344, 1359, 1366, 1329, 1334, 1353, 1321, 1333, 1363, 1374, 1374, 1373, 1380, 1381, 1348, 1359, 1336, 1356, 1359, 1356, 1311, 1377, 1385, 1374, 1353, 1392, 1383, 1390, 1353, 1349, 1366, 1348, 1388, 1357, 1344, 1371, 1378, 1398, 1387, 1382, 1392, 1388, 1336, 1366, 1352, 1347, 1335, 1356, 1345, 1377, 1371, 1385, 1388, 1392, 1396, 1367, 1348, 1349, 1355, 1386, 1382, 1387, 1359, 1375, 1371, 1388, 1383, 1398, 1380, 1385, 1376, 1387, 1371, 1307, 1371, 1355, 1360, 1373, 1375, 1381, 1389, 1396, 1400, 1399, 1371, 1385, 1362, 1336, 1355, 1381, 1376, 1387, 1393, 1401, 1405, 1393, 1391, 1402, 1384, 1393, 1377, 1371, 1347, 1367, 1394, 1373, 1405, 1378, 1406, 1357, 1395, 1395, 1405, 1402, 1393, 1377, 1393, 1380, 1395, 1398, 1403, 1413, 1412, 1385, 1403], "baseFolder": "/home/yochaiz/SmartHome/Reinforcement/DDPG", "folderName": "D-10-4-H-14-19-40", "fullPath": "/home/yochaiz/SmartHome/Reinforcement/DDPG/results/actionDim-5/D-10-4-H-14-19-40"}, "settings": {"gameMinutesLength": 2880, "learningRate": 0.001, "trainSetSize": 64, "nGamesPerSave": 10, "minGameScore": 1224, "dequeSize": 50000, "nEpochs": 1, "TAU": 0.001, "minGameScoreRatio": 0.85, "gamma": 0.95, "batchSize": 64, "nModelBackups": 3, "minGameSequence": 500}, "Actor": {"epsilon_min": 0.01, "epsilon_decay": 0.99, "curBackupIdx": 0, "epsilon": 1.0, "actionDim": 5, "nActions": 32, "nBackups": 3, "TAU": 0.001, "k": 32}, "Critic": {"actionDim": 5, "nBackups": 3, "curBackupIdx": 0, "TAU": 0.001}, "policy": {"stateDim": [1, 8], "numOfDevices": 5, "fname": "/home/yochaiz/SmartHome/Reinforcement/Policies/Week/policy2.json", "rewardScaleFactor": 0.5, "seqLen": 1}, "args": {"settings": "/home/yochaiz/SmartHome/Reinforcement/settings.json", "sequential": true, "rewardScale": 0.5, "random": false, "gpuNum": 0, "gpuFrac": 0.3, "desc": "\"deep model **sequential** with rewardScaleFactor = 0.5\"", "k": 32}}