{"settings": {"minGameScore": 2448, "TAU": 0.001, "minGameScoreRatio": 0.85, "batchSize": 128, "minGameSequence": 500, "nEpochs": 5, "nGamesPerSave": 100, "nModelBackups": 3, "gameMinutesLength": 2880, "gamma": 0.95, "learningRate": 0.001, "dequeSize": 50000, "trainSetSize": 50000}, "args": {"gpuFrac": 0.3, "random": true, "gpuNum": 5, "sequential": false, "settings": "/home/yochaiz/SmartHome/Reinforcement/settings.json"}, "results": {"loss": [85.08118, 64.60617, 50.17789, 35.37925, 27.83512, 25.44528, 23.30692, 21.54082, 22.0956, 20.35791, 19.85404, 19.12848, 18.84563, 17.13209, 16.50899, 16.71166, 16.00012, 16.48752, 16.24783, 15.97895, 14.56459, 13.66783, 14.02444, 12.83797, 12.12677, 11.77441, 12.06297, 10.65421, 11.09307, 10.06969, 11.33578, 10.73195, 10.41853, 10.5868, 11.64046, 11.33385, 10.01585, 9.41727, 9.43251, 9.25522, 9.38427, 9.13998, 9.30193, 8.99961, 8.50319, 8.51819, 8.20756, 8.18757, 8.78387, 7.90011, 8.621, 7.78651, 7.3762, 7.62808, 8.0868, 7.20518, 6.85066, 6.43216, 6.30161, 6.26577, 6.91451, 5.97721, 6.25343, 7.45053, 6.61303, 7.26118, 6.75821, 6.22398, 5.98359, 6.00189, 5.72401, 5.80783, 6.66123, 6.35012, 6.91406, 6.39837, 6.12722, 6.44544, 6.1895, 6.63249, 6.24998, 7.01606, 6.21648, 5.76619, 6.28711, 5.80658, 6.97708, 6.81984, 6.05543, 5.57767, 5.70596, 5.78701, 5.29493, 5.60981, 4.98628, 5.19513, 4.82274, 4.85429, 4.78442, 4.89589, 5.0439, 5.02071, 5.08817, 4.83351, 4.52988, 4.80521, 4.27735, 4.74464, 4.27628, 4.20396, 4.25343, 4.41978, 3.88579, 4.06216, 4.70823, 4.24179, 4.01397, 3.94928, 3.95135, 3.57901, 3.68149, 3.8397, 3.74011, 3.9712, 3.95876, 3.90238, 3.8524, 3.92016, 3.43104, 3.63926, 3.79777, 3.80296, 3.65398, 3.47412, 3.88224, 4.02261, 3.8961, 3.59469, 3.44097, 3.24483, 3.60261, 3.66447, 3.56328, 3.56324, 3.34488, 3.57926, 3.3023, 3.52233, 3.37262, 3.27593, 3.66616, 3.51972, 3.17769, 3.34764, 3.42817, 3.72596, 3.44196, 3.21912, 3.70625, 3.55475, 3.06925, 3.61258, 3.67582, 3.3234, 3.19708, 3.42185, 3.97383, 4.01499, 3.70387, 3.21141, 3.0921, 3.82939, 3.28755, 3.48425, 3.4222, 2.95343, 3.06019, 2.91323, 3.10376, 3.42557, 3.23955, 3.00392, 3.1907, 3.21231, 2.93616, 3.27251, 3.65298, 2.98201, 2.96662, 2.86813, 2.64565, 3.41269, 3.19702, 3.01217, 2.81739, 2.9606, 3.14186, 2.84646, 2.65563, 2.9419, 2.53619, 2.63826, 2.46254, 2.53051, 2.39184, 2.62877, 2.70204, 2.5152, 2.43142, 2.11105, 2.0945, 2.18933, 2.11146, 1.92839, 2.11406, 2.17606, 1.9376, 2.91535, 2.52875, 2.13769, 2.36553, 2.53762, 2.36917, 2.41083, 2.57075, 2.43134, 2.39426, 2.79451, 2.53368, 2.99119, 3.03299, 4.13646, 3.35698, 3.10551, 2.64759, 2.73823, 2.56782, 2.55708, 2.72798, 2.59735, 2.48266, 2.32136, 2.43801, 2.5334, 2.73804, 2.31683, 2.36433, 2.31302, 2.17471, 2.57511, 2.39708, 2.40977, 1.91118, 2.06568, 2.52238, 2.32776, 2.24848, 3.2318, 2.853, 2.78249, 2.34344, 2.51082, 2.62661, 3.12884, 2.91105, 2.5944, 2.42832, 2.6482, 2.59673, 2.21961, 2.50419, 2.33774, 2.45169, 2.55825, 2.73579, 2.47959, 2.46427, 2.58786, 2.35522, 2.51558, 2.40784, 2.79284, 2.66103, 2.79344, 3.19517, 2.55529, 2.7925, 2.44153, 2.28279, 2.47272, 2.27421, 2.46844, 2.59135, 2.24992, 2.42913, 2.43428, 2.47617, 1.97082, 2.58081, 2.22905, 2.51031, 2.33758, 2.7132, 2.39742, 3.12429, 2.63785, 2.52178, 2.25667, 2.33176, 2.11018, 2.15203, 2.08433, 1.98376, 2.18016, 1.99764, 1.95287, 1.62063, 1.85925, 1.77019, 1.85687, 2.06424, 1.88238, 1.95544, 2.10416, 1.94508, 1.90489, 1.9677, 2.56188, 2.2057, 2.18737, 2.28881, 1.92037, 1.78328, 2.23453, 2.08778, 2.06943, 2.19946, 1.91926, 1.72969, 1.84712, 1.94601, 2.00039, 2.0507, 2.31301, 2.30024, 2.12547, 1.94105, 1.96241, 2.55557, 2.30014, 2.08644, 1.93985, 2.23478, 1.96576, 2.09099, 2.09354, 2.0185, 1.92859, 1.83471, 1.78658, 2.12143, 1.68481, 1.77691, 1.90632, 1.6242, 1.72938, 1.55261, 1.81216, 1.64349, 1.68498, 1.85119, 1.8241, 1.95442, 1.77916, 2.07434, 1.7698, 2.27403, 1.93262, 1.85307, 2.07566, 2.15369, 2.39096, 2.13598, 2.74388, 2.5532, 1.88009, 2.12113, 1.94072, 2.00064, 2.08611, 1.68591, 2.07658, 1.88219, 1.99566, 1.68139, 1.77719, 1.7995, 1.62409, 1.58946, 1.68435, 1.54561, 1.45062, 1.4317, 1.36125, 1.37012, 1.38666, 1.72372, 1.91661, 1.77825, 2.18796, 2.22649, 2.57473, 2.38662, 2.28493, 2.50936, 2.18074, 2.40661, 2.46238, 2.40246, 2.14307, 2.32671, 2.54988, 2.70439, 2.71857, 2.88168, 2.96015, 2.86728, 2.60111, 2.64216, 2.62106, 2.58652, 2.0997, 2.21305, 2.36164, 2.13444, 2.45099, 2.37183, 2.35398, 2.41628, 2.42694, 2.24343, 2.20996, 2.44734, 2.25113, 1.97571, 2.10981, 1.83806, 2.33343, 1.84183, 2.63996, 2.30313, 2.42895, 2.8402, 2.45321, 2.19676, 2.18517, 2.19226, 2.31782, 2.16946, 2.30406, 2.39837, 1.84081, 2.04573, 1.75566, 1.89086, 1.92204, 1.71415, 1.60583, 1.958, 1.98888, 1.81818, 1.80862, 1.73823, 1.69765, 2.24176, 1.59081, 1.7523, 1.56041, 1.95818, 1.37243, 1.91902, 1.90238, 1.68312, 1.76852, 1.67574, 1.45691, 1.58134, 1.57746, 1.53297, 1.38411, 1.72819, 1.42049, 1.51931, 1.63543, 1.49364, 1.54355, 1.59156, 1.84351, 1.41796, 1.87334, 1.60554, 1.73345, 1.79786, 1.61898, 1.59768],