{"settings": {"minGameScore": 2736, "TAU": 0.001, "minGameScoreRatio": 0.95, "batchSize": 64, "nGamesPerSave": 10, "nEpochs": 1, "minGameSequence": 500, "nModelBackups": 3, "gameMinutesLength": 2880, "dequeSize": 50000, "learningRate": 0.001, "gamma": 0.95, "trainSetSize": 64}, "args": {"settings": "/home/yochaiz/SmartHome/Reinforcement/settings.json", "k": 32, "random": true, "sequential": false, "gpuNum": 0, "gpuFrac": 0.45, "desc": "\"knn over all possible discrete actions, ResNet architecture with ~10 layers\""}, "results": {"loss": [136.42125, 70.31183, 79.18596, 63.66504, 57.74482, 62.77133, 51.30459, 52.28465, 48.24619, 42.45962, 46.97579, 40.4618, 34.49825, 38.41119, 35.59365, 35.02152, 29.02146, 28.15845], "score": [2242, 2122, 2382, 2440, 2149, 2264, 2467, 2360, 2419, 2429, 2546, 2575, 2538, 2469, 2603, 2561, 2616, 2513]}, "Actor": {"epsilon_decay": 0.99, "epsilon": 1.0, "curBackupIdx": 0, "epsilon_min": 0.01, "TAU": 0.001, "nBackups": 3, "k": 32, "actionDim": 5, "nActions": 32}, "Critic": {"TAU": 0.001, "nBackups": 3, "curBackupIdx": 0, "actionDim": 5}, "policy": {"numOfDevices": 5, "stateDim": [1, 8], "seqLen": 1, "fname": "/home/yochaiz/SmartHome/Reinforcement/Policies/Week/policy2.json"}}