{"settings": {"minGameScore": 2736, "TAU": 0.001, "minGameScoreRatio": 0.95, "batchSize": 64, "nGamesPerSave": 10, "nEpochs": 1, "minGameSequence": 500, "nModelBackups": 3, "gameMinutesLength": 2880, "dequeSize": 50000, "learningRate": 0.001, "gamma": 0.95, "trainSetSize": 64}, "args": {"settings": "/home/yochaiz/SmartHome/Reinforcement/settings.json", "k": 32, "random": true, "sequential": false, "gpuNum": 0, "gpuFrac": 0.45, "desc": "\"knn over all possible discrete actions, ResNet architecture with ~34 layers\""}, "results": {"loss": [69125.69044, 613.49493, 493.53635, 628.29101, 635.23145, 623.57649, 513.59237, 443.86346, 417.03322, 425.7974, 347.52477, 348.05985, 327.17792, 321.0413, 1340.24871, 302.69102, 268.48636, 268.81918, 269.75432, 260.65811, 276.34935, 272.10259, 257.37431, 252.24927, 244.14919, 251.46267, 243.30247, 247.52517, 227.12771, 234.22554, 216.83258, 211.0972, 222.71957, 209.43067, 195.66756, 218.81375, 204.16485, 242.54752, 228.52315, 414.046, 200.54971, 200.0199, 203.75424, 203.92238, 201.91131, 223.2342, 227.95956, 198.84988, 198.83806, 198.72924, 201.48042, 228.26447, 266.31515, 251.67181, 212.11671, 220.63735, 209.66701, 192.86907, 242.35628, 221.36918, 226.85031, 202.92263, 180.10996, 220.08405, 221.35244, 229.50241, 256.42451, 186.26486, 229.33563, 214.85715, 213.01909, 207.50159, 194.04785, 196.9789, 245.66788, 223.18046, 220.7074, 244.85108, 231.29903, 252.0594, 305.32577, 265.10658, 209.3773, 246.82491, 205.09825, 217.3787, 165.16338, 168.71937, 185.52078, 147.697, 186.13423, 184.93007, 171.90441, 204.73464, 193.41578, 216.16439, 274.07381, 249.94759, 331.86436, 195.12894, 183.48166, 191.05446, 209.95169, 167.36734, 234.56585, 184.47677, 186.42049, 258.79801, 276.56963, 199.2419, 181.53726, 178.31234, 203.02037, 193.03977, 198.72064, 295.58175, 235.44746, 258.04314, 218.72161, 196.08901, 237.77446, 205.98465, 186.81354, 213.87539, 209.97445, 181.73088, 208.73327, 217.12131, 186.20135, 170.15505, 211.96496, 183.83143, 239.05141, 220.63758, 239.43973, 268.22422, 190.89618, 308.4454, 389.243, 223.21337, 207.95546, 203.18758, 191.36145, 166.77126, 191.34031, 198.28601, 175.70822, 173.69566, 191.83186, 216.26098, 192.17395, 185.71027, 181.86603, 221.34796, 214.76122, 151.71265, 263.3342, 291.20469, 291.16371, 277.28665, 207.88209, 193.22229, 246.85687, 190.33343, 204.80227, 283.4162, 262.42696, 180.96282, 201.73251, 154.91915, 236.28967, 286.9273, 202.08585, 212.69477, 205.30932, 194.38071, 173.93512, 158.37856, 146.66494, 165.81787, 133.01612, 239.72548, 149.9642, 158.15162, 185.36608, 153.60405, 107.96605, 211.6095, 164.21218, 269.29613, 208.66399, 262.12279, 269.87159, 372.93634, 478.63291, 664.41845, 1795.24881, 1579.09029, 1753.69003, 1951.26301, 2876.45772, 3118.71901, 2596.60593, 1947.24112, 1180.3776, 960.91661, 742.31784, 629.82119, 651.93065, 672.24794, 562.43927, 938.83494, 565.89381, 459.81382, 439.64745, 405.97694, 340.19465, 306.2285, 331.8597, 312.48004, 740.86989, 319.57494, 322.246, 247.48857, 268.96034, 45318.29329, 214.25848, 26588.06326, 230.46916, 195.07183, 204.09887, 172.62907, 194.24079, 186.5121, 258.83351, 193.89855, 223.51562, 235.19526, 295.12776, 235.71065, 203.05547, 119.25704, 216.2268, 194.24398, 235.75126, 207.81822, 345.52127, 1007.59293, 901.88332, 756.57332, 588.21693, 337.69276, 285.9698, 305.93919, 405.31912, 575.44887, 373.36551, 259.3173, 223.31957, 208.16728, 210.74062, 211.1324, 148.27363, 163.49891, 218.92074, 178.23311, 159.43937, 50924.21246, 91.64885, 88.90966, 69.74041, 84.38788, 85.78597, 128.85362, 141.39043, 163.98618, 147.58903, 113.04992, 121.37003, 160.19291, 142.66037, 128.21035, 117.23829, 187.25795, 130.44057, 123.49491, 154.37512, 152.50516, 177.96195, 190.96206, 141.54849, 116.79434, 227.63173, 196.44673, 251.55697, 170.09272, 224.19255, 173.43992, 163.54703, 132.99384, 119.77892, 219.10354, 164.06101, 327.84685, 251.19419, 836.13455, 167.17255, 175.92098, 123.66598, 102.94978, 11852.9333, 17090.44838, 22489.79731, 26499.9058, 31343.55796, 34658.16764, 35895.00963, 37203.39384, 37941.64174, 39322.88008, 39895.0705, 40116.04118, 39105.78651, 38486.77518, 37876.7594, 35554.73308, 33166.75351, 29814.7719, 30390.48152, 30369.63099, 30422.89197, 30247.89163, 29947.96914, 29851.29153, 29750.65612, 30389.67125, 30466.07127, 30441.61469, 30753.59511, 30046.47547, 29757.17506, 29426.80681, 29200.35407, 29298.92297, 29600.70238, 29326.61942, 29208.66542, 29474.36869, 30228.25709, 30292.71859, 30744.05745, 30819.37105, 30359.62652, 30392.99598, 30461.36893, 30228.84801, 30171.26258, 30569.07864, 30713.11968, 30689.79178, 30939.05632, 31782.64276, 31392.66677, 30874.62067, 31267.78974, 31202.5571, 31820.46817, 31979.18034, 32745.40783, 32723.87769, 33363.68413, 33048.81456, 33019.40354, 32372.90962, 31664.15845, 30930.87168, 30351.30388, 29960.06435, 29306.88093, 29415.9914, 30008.89658, 29842.39906, 29235.43259, 27917.16883, 27726.78264, 27316.71246, 26630.08041, 26528.52061, 27085.15468, 26539.42938, 27230.11207, 27314.342, 27518.3935, 28005.05128, 27858.71517, 28213.98439, 28378.64889, 28188.25979, 27875.45262, 27501.93777, 27876.45021, 28465.1404, 28375.81832, 29298.73132, 29618.80868, 29378.26463, 29603.84446, 29696.97153, 29287.31364, 29132.64471, 29295.46141, 29333.97809, 28704.87829, 28410.94546, 28223.02148, 28597.01768, 28660.67626, 28678.968, 29319.25678, 29161.34172, 28804.80988, 29052.29975, 28947.06348, 28510.76973, 28421.31077, 28503.88761, 28613.91612, 29012.52411, 28675.24156, 28939.64113, 30057.95648, 30602.67133, 30738.07666, 30899.73968, 31575.54375, 31332.98415, 30647.93204, 31089.48129, 31097.84206, 31267.75804, 31137.18025, 30876.17968, 31334.92086, 31550.71279, 31284.5064, 30952.04978, 30884.76563, 30635.26678, 30016.34494, 30058.82209, 29758.92355, 30057.40244, 30103.49623, 30317.90618, 29603.05135, 29072.47137, 28411.86588, 28372.7077, 29048.84288, 29102.03198, 28906.94285, 29157.84415, 29264.64063, 29274.2371, 29282.90581, 29378.80767, 29466.71784, 29507.96506, 29390.38033, 28534.35626, 27909.79857, 28049.04599, 28568.02211, 28938.27951, 29480.25114, 29040.34954, 28410.67931, 28682.7019, 28459.49079, 28127.21065, 28251.34669, 28591.82192, 28279.85637, 28836.71053, 29083.47547, 29116.64198, 29271.46293, 29415.04094, 29366.13296, 29399.36359, 30035.07944, 29583.21485, 29717.70423, 29850.41022, 29614.35112, 29371.59057, 29881.25832, 30621.16122, 30292.61625, 30714.50353, 30896.09196, 30130.45322, 29285.8077, 29544.25809, 29412.75884, 30015.19975, 29901.89167, 29855.84591, 28772.52235, 28777.96531, 28802.41554, 28755.34331, 29454.4443, 29467.67899, 29267.80738, 29482.9279, 29363.34176, 29565.31578, 29608.23533, 29902.38675, 30114.96539, 30694.3833, 31509.3785, 31375.96042, 31147.4985, 31158.04493, 31932.8531, 32371.46284, 32537.05229, 33086.31782, 33172.05527, 32647.38001, 32364.1714, 31732.01133, 31063.18202, 30749.70699, 31060.35872, 31363.58587, 30608.88829, 30642.46206, 30471.29173, 31019.25842, 30651.86433, 30076.77873, 30715.76407, 31505.75653, 31890.78623, 32157.06213, 32501.26425, 33077.73943, 33283.72409, 33709.9697, 33758.20986, 33785.92884, 33544.32772, 33524.47878, 32503.9617, 32338.36149, 32396.21324, 32430.7004, 32791.63611, 33136.64912, 31716.04883, 30519.18731, 30117.29633, 29758.06451, 29065.77038, 29356.13268, 29722.55551, 29654.88712, 30082.5184, 29820.21032, 29989.55261, 29679.77252, 29259.94816, 29550.02026, 28490.97384, 28613.29089, 28276.75178, 28629.52695, 28687.68265, 28346.92341, 28587.87605, 28535.75756, 28254.77012, 27780.768, 28361.29311, 28505.25442, 29080.77765, 29387.5916, 29738.99393, 30183.1369, 30555.58779, 31237.57319, 31355.3239, 31114.3589, 30293.4555, 30286.30442, 30799.12208, 30389.46156, 30507.87315, 31016.66452, 31006.81819, 30784.17167, 31139.31156, 30282.61583, 29609.56852, 29450.78356, 29877.18823, 29619.57545, 28810.47014, 28908.48122, 29254.2588, 29572.95811, 29925.43003, 29839.65225, 29806.92092, 29671.28443, 29581.24606, 29706.51014, 29885.69868, 29209.00094, 29451.55814, 30073.56178, 30481.54366, 