{"settings": {"minGameScore": 2736, "TAU": 0.001, "minGameScoreRatio": 0.95, "batchSize": 64, "nGamesPerSave": 10, "nEpochs": 1, "minGameSequence": 500, "nModelBackups": 3, "gameMinutesLength": 2880, "dequeSize": 50000, "learningRate": 0.001, "gamma": 0.95, "trainSetSize": 64}, "args": {"settings": "/home/yochaiz/SmartHome/Reinforcement/settings.json", "k": 32, "random": true, "sequential": false, "gpuNum": 0, "gpuFrac": 0.45, "desc": "\"knn over all possible discrete actions, ResNet architecture with ~34 layers\""}, "results": {"loss": [69125.69044, 613.49493, 493.53635, 628.29101, 635.23145, 623.57649, 513.59237, 443.86346, 417.03322, 425.7974, 347.52477, 348.05985, 327.17792, 321.0413, 1340.24871, 302.69102, 268.48636, 268.81918, 269.75432, 260.65811, 276.34935, 272.10259, 257.37431, 252.24927, 244.14919, 251.46267, 243.30247, 247.52517, 227.12771, 234.22554, 216.83258, 211.0972, 222.71957, 209.43067, 195.66756, 218.81375, 204.16485, 242.54752, 228.52315, 414.046, 200.54971, 200.0199, 203.75424, 203.92238, 201.91131, 223.2342, 227.95956, 198.84988, 198.83806, 198.72924, 201.48042, 228.26447, 266.31515, 251.67181, 212.11671, 220.63735, 209.66701, 192.86907, 242.35628, 221.36918, 226.85031, 202.92263, 180.10996, 220.08405, 221.35244, 229.50241, 256.42451, 186.26486, 229.33563, 214.85715, 213.01909, 207.50159, 194.04785, 196.9789, 245.66788, 223.18046, 220.7074, 244.85108, 231.29903, 252.0594, 305.32577, 265.10658, 209.3773, 246.82491, 205.09825, 217.3787, 165.16338, 168.71937, 185.52078, 147.697, 186.13423, 184.93007, 171.90441, 204.73464, 193.41578, 216.16439, 274.07381, 249.94759, 331.86436, 195.12894, 183.48166, 191.05446, 209.95169, 167.36734, 234.56585, 184.47677, 186.42049, 258.79801, 276.56963, 199.2419, 181.53726, 178.31234, 203.02037, 193.03977, 198.72064, 295.58175], "score": [724, 502, 642, 848, 764, 628, 774, 754, 958, 706, 758, 848, 810, 826, 863, 674, 939, 819, 787, 795, 756, 675, 975, 762, 712, 804, 959, 846, 914, 767, 970, 880, 974, 881, 950, 858, 750, 759, 630, 985, 703, 881, 856, 837, 979, 792, 681, 794, 807, 566, 710, 998, 795, 706, 844, 615, 698, 836, 758, 875, 954, 780, 946, 728, 656, 745, 776, 832, 791, 964, 698, 915, 732, 726, 870, 900, 868, 805, 874, 701, 731, 906, 925, 687, 790, 867, 985, 780, 792, 684, 680, 785, 996, 946, 745, 904, 807, 709, 682, 739, 764, 779, 784, 776, 935, 842, 702, 658, 750, 777, 922, 780, 779, 652, 665, 940]}, "Actor": {"epsilon_decay": 0.99, "epsilon": 1.0, "curBackupIdx": 0, "epsilon_min": 0.01, "TAU": 0.001, "nBackups": 3, "k": 32, "actionDim": 5, "nActions": 32}, "Critic": {"TAU": 0.001, "nBackups": 3, "curBackupIdx": 0, "actionDim": 5}, "policy": {"numOfDevices": 5, "stateDim": [1, 8], "seqLen": 1, "policyJSON": {"10": [{"days": "weekdays", "times": [["21:00", "23:29"]]}, {"days": [5], "times": [["21:00", "23:29"]]}], "6": [{"days": "weekdays", "times": [["20:40", "23:59"], ["00:00", "00:14"]]}, {"days": [4], "times": [["00:00", "00:14"]]}, {"days": [5], "times": [["21:00", "23:59"]]}], "weekdays": [0, 1, 2, 3, 6], "Devices": ["Room light1", "Room light2", "Room light3 (backdoor)", "Kitchen light", "Toilets light"], "days": ["Monday", "Tuesday", "Wednesday", "Thursday", "Friday", "Saturday", "Sunday"], "1": [{"days": [0, 1, 2, 3, 6], "times": [["08:30", "08:59"], ["20:30", "21:29"]]}, {"days": [4], "times": [["10:00", "13:29"]]}, {"days": [5], "times": [["18:00", "18:59"]]}], "0": [{"days": [0, 1, 2, 3, 6], "times": [["00:00", "00:29"], ["08:00", "08:59"], ["20:30", "23:59"]]}, {"days": [4], "times": [["00:00", "00:59"], ["09:30", "13:29"]]}, {"days": [5], "times": [["18:00", "23:59"]]}], "3": [{"days": [0, 1, 2, 3, 6], "times": [["08:30", "08:44"], ["20:45", "21:29"], ["23:15", "23:44"]]}, {"days": [4], "times": [["10:00", "10:59"], ["12:45", "13:14"]]}, {"days": [5], "times": [["18:00", "19:59"], ["21:00", "23:14"]]}], "2": [{"days": [0, 1, 2, 3, 6], "times": [["00:30", "01:09"]]}, {"days": [4], "times": [["00:30", "01:09"]]}], "5": [{"days": "weekdays", "times": [["08:35", "08:42"], ["21:09", "21:11"], ["00:05", "00:24"]]}, {"days": [4], "times": [["10:18", "10:29"], ["00:05", "00:24"]]}, {"days": [5], "times": [["19:09", "19:09"], ["21:34", "21:34"]]}], "4": [{"days": [0, 1, 2, 3, 6], "times": [["08:30", "08:34"], ["21:05", "21:08"]]}, {"days": [4], "times": [["10:10", "10:17"]]}, {"days": [5], "times": [["19:05", "19:08"], ["21:20", "21:33"]]}], "7": [{"days": "weekdays", "times": [["20:40", "23:59"], ["00:00", "00:14"]]}, {"days": [4], "times": [["00:00", "00:14"]]}, {"days": [5], "times": [["21:00", "23:59"]]}], "Time format": "%H:%M", "9": [{"days": "weekdays", "times": [["09:00", "09:00"], ["20:30", "20:30"]]}, {"days": [4], "times": [["13:29", "13:29"]]}, {"days": [5], "times": [["18:00", "18:00"]]}], "8": [{"days": "weekdays", "times": [["20:31", "20:54"]]}, {"days": [5], "times": [["18:00", "18:59"]]}], "weekend": [4, 5]}}}