{"settings": {"minGameScore": 2448, "TAU": 0.001, "minGameScoreRatio": 0.85, "batchSize": 128, "minGameSequence": 500, "nEpochs": 5, "nGamesPerSave": 100, "nModelBackups": 3, "gameMinutesLength": 2880, "gamma": 0.95, "learningRate": 0.001, "dequeSize": 50000, "trainSetSize": 50000}, "args": {"gpuFrac": 0.3, "random": true, "gpuNum": 6, "sequential": false, "settings": "/home/yochaiz/SmartHome/Reinforcement/settings.json"}, "results": {"loss": [20.81863, 25.10894, 19.27131, 21.46111, 16.36148, 14.14455, 13.89363, 12.48439, 11.19215, 11.23304, 10.39172, 10.7235, 9.80568, 9.66034, 9.23973, 9.09688, 8.58685, 8.38155, 7.96454, 8.05333, 7.50853, 7.36486, 7.2835, 6.89482, 6.37464, 6.12911, 6.0304, 5.60112, 5.48155, 5.08668, 4.79199, 4.78679, 5.04464, 4.54003, 4.49106, 4.38999, 3.91305, 3.74256, 3.89619, 4.01143, 3.59778, 3.88077, 3.95718, 3.7274, 4.06164, 3.52059, 3.69357, 3.50261, 3.25303, 3.11755, 2.97848, 3.79186, 3.22937, 3.55267, 3.16429, 3.03794, 2.99827, 2.77754, 2.96525, 2.6085, 2.69779, 2.67456, 2.49001, 2.39523, 2.54597, 2.53365, 2.64255, 2.50366, 2.4797, 2.76001, 2.54019, 2.35355, 2.33576, 2.50194, 2.44015, 2.44754, 2.69823, 2.54022, 2.59192, 2.6141, 2.57964, 2.44803, 2.31635, 2.22247, 2.1704, 2.20919, 2.07876, 2.16865, 2.2704, 2.36353, 2.28433, 2.31687, 2.2331, 2.0552, 2.01698, 2.27963, 2.26445, 2.03481, 2.34408, 2.40143, 2.27491, 2.28815, 2.22725, 2.09108, 2.67228, 2.34134, 2.12131, 2.47708, 2.2016, 2.16007, 1.96028, 1.97405, 1.90689, 2.1105, 2.18454, 2.09895, 2.06981, 2.16629, 2.18793, 1.94907, 2.02288, 1.98158, 2.0121, 1.89345, 1.94549, 2.08815, 2.04484, 1.9488, 2.18958, 2.01663, 1.90732, 1.95465, 1.9604, 1.94755, 1.60347, 1.76877, 1.90913, 1.83003, 1.76846, 1.6969, 1.73267, 1.54238, 1.70237, 1.73637, 1.81915, 1.5984, 1.60644, 1.99108, 2.06589, 1.93025, 1.99809, 2.08744, 2.04737, 2.15285, 1.95272, 1.86244, 2.05444, 2.00432, 1.94393, 1.90168, 2.07047, 1.89882, 1.91004, 1.8431, 1.91105, 1.76298, 1.8398, 1.69726, 1.66444, 1.75388, 2.10951, 1.73434, 1.76556, 1.802, 1.80507, 1.76069, 1.76386, 1.77042, 1.96709, 2.10557, 1.8391, 1.85608, 1.72735, 1.95876, 2.01006, 1.83998, 1.84851, 1.78446, 1.79544, 2.11715, 1.98316, 1.91387, 1.91603, 1.75396, 1.76442, 1.83892, 1.84092, 1.7645, 1.99729, 1.79361, 1.79387, 1.83579, 2.03996, 1.97411, 1.95753, 2.03368, 1.7665, 1.68053, 1.67519, 1.77774, 1.69925, 1.60184, 1.82055, 1.97457, 2.17503, 2.07036, 1.83702, 1.86508, 1.80269, 1.73525, 1.90266, 2.33961, 2.13028, 1.76872, 1.52242, 1.71432, 1.59134, 1.63876, 1.52509, 1.51065, 1.61439, 1.51601, 1.59063, 1.35287, 1.6291, 1.46645, 1.41833, 1.27157, 1.49832, 1.40943, 1.59699, 1.30829, 1.32181, 1.19025, 1.27449, 1.55647, 1.46015, 1.30273, 1.22889, 1.22174, 1.23437, 1.21952, 1.21095, 1.41979, 1.77376, 1.37634, 1.27658, 1.61675, 1.7089, 1.53127, 1.48452, 1.88407, 1.65975, 1.5679, 1.55226, 1.3744, 1.42582, 1.51684, 1.85153, 1.83479, 1.89853, 1.72129, 1.81173, 1.81672, 1.59133, 1.72359, 1.68948, 1.59359, 1.64861, 1.51022, 1.52331, 1.52923, 1.6272, 1.6563, 1.78828, 1.84132, 1.739, 1.59752, 1.52627, 1.48054, 1.56334, 1.39528, 1.54976, 1.74689, 1.71498, 1.5553, 1.67143, 1.63092, 1.74729, 1.75592, 1.73307, 1.85087, 1.69331, 1.58474, 1.61504, 2.1261, 1.90144, 1.80715, 1.7682, 1.5875, 1.74831, 1.67486, 1.66052, 1.5736, 1.5885, 1.64798, 1.64924, 1.60415, 1.44878, 1.37053, 1.46324, 1.34708, 1.66539, 1.48817, 1.32966, 1.48993, 1.39254, 1.26307, 1.22177, 1.2393, 1.18559, 1.47767, 1.35573, 1.58157, 1.66693, 1.64331, 1.52811, 1.59458, 1.47187, 1.63257, 1.56915, 1.46609, 1.70862, 1.57673, 1.80626, 1.81225, 1.56382, 1.46613, 1.47394, 1.30544, 1.3705, 1.3266, 1.25978, 1.43453, 1.3776, 1.3088, 1.25744, 1.15496, 1.19604, 1.35818, 1.6617, 1.379, 1.26967, 1.26598, 1.38263, 1.19088, 1.52501, 1.47975, 1.32596, 1.35191, 1.19307, 1.28741, 1.55892, 1.70462, 1.48481, 1.43672, 1.54738, 1.34731, 1.47163, 1.3952, 1.38427, 1.27187, 1.41627, 1.38721, 1.4483, 1.41553, 1.33182, 1.28868, 1.27678, 1.59, 1.50074, 1.60367, 1.54154, 1.35628, 1.34033, 1.41504, 1.60647, 1.46969, 1.55246, 1.42142, 1.44803, 1.29514, 1.34999, 1.53355, 1.40303, 1.39929, 1.30433, 1.3798, 1.43571, 1.58473, 1.38903, 1.41853, 1.55197, 1.58525, 1.53506, 1.62335, 1.52997, 1.59147, 1.5515, 1.66925, 1.59129, 1.68525, 1.69374, 1.68246, 1.87718, 2.0785, 1.92088, 1.77102, 1.59809, 1.66078, 1.62902, 1.63048, 1.61621, 1.6992, 1.46995, 1.42084, 1.49311, 1.42294, 1.5051, 1.43915, 1.39929, 1.30895, 1.42047, 1.47587, 1.27311, 1.38608, 1.4012, 1.31306, 1.26463, 1.25445, 1.22176, 1.2517, 1.5785, 1.61256, 1.74709, 1.67844, 1.47883, 1.86713, 1.62921, 1.38562, 1.60967, 1.57051, 1.5623, 1.41, 1.63005, 1.51142, 1.48115, 1.38008, 1.49865, 1.74491, 1.68064, 1.47105, 1.64408, 1.53484, 1.37041, 1.46118, 1.68869, 1.59797, 1.58521, 1.55561, 1.45397, 1.56822, 1.48826, 1.50856, 1.49155, 1.41173, 1.44571, 1.55724, 1.43123, 1.43385, 1.51723, 1.53711, 1.65043, 1.68083, 1.52238, 1.60118, 1.52399, 1.89727, 1.8527, 1.88203, 1.74971, 1.58155, 1.67093, 1.57039, 1.68201, 1.60365, 1.45586, 1.44663, 1.34344, 1.39346, 1.40262, 1.35432, 1.30474, 1.31845, 1.26669],