{"settings": {"minGameScore": 2736, "TAU": 0.001, "minGameScoreRatio": 0.95, "batchSize": 256, "nGamesPerSave": 50, "nEpochs": 1, "minGameSequence": 500, "nModelBackups": 3, "gameMinutesLength": 2880, "dequeSize": 50000, "learningRate": 0.001, "gamma": 0.95, "trainSetSize": 256}, "args": {"settings": "/home/yochaiz/SmartHome/Reinforcement/settings.json", "k": null, "random": true, "sequential": false, "gpuNum": 0, "gpuFrac": 0.475, "desc": "\"fixed future action (discrete) + default knn size\""}, "results": {"loss": [24.27986, 31.49574, 22.98711, 12.38182, 12.70476, 11.01369, 10.09811, 10.10144, 9.96787, 8.92867, 8.53584, 7.90385, 8.32062, 7.75597, 7.98455, 7.95723, 7.82363, 7.78594, 7.49063, 6.79157, 6.65666, 6.37588, 6.48634, 5.85386, 6.19407, 6.09898, 6.13814, 5.8274, 5.72374, 5.20846, 5.53687, 5.16841, 4.85309, 4.59911, 4.33776, 4.68992, 4.50659, 4.30514, 4.26641, 4.4832, 3.92897, 3.8915, 4.08346, 3.64087, 3.9359, 3.49958, 3.81687, 3.76807, 3.74752, 3.73467, 3.46222, 3.60243, 3.84047, 3.21752, 3.31607, 3.0827, 3.01803, 2.92837, 3.04252, 3.0569, 3.43643, 3.31596, 3.09078, 3.13791, 3.42494, 3.10184, 3.02593, 2.80006, 3.22843, 3.0517, 2.89334, 3.19134, 3.19434, 3.06234, 2.8559, 3.15587, 3.14857, 2.94544, 3.03595, 2.89458, 2.61312, 2.80773, 2.54832, 2.61234, 2.57181, 2.75324, 2.5211, 2.28617, 2.31585, 2.13946, 2.38865, 2.47805, 2.3444, 2.34716, 2.36657, 2.48743, 2.35886, 2.17511, 2.09871, 2.28263, 2.31574, 2.00703, 2.11535, 2.04261, 2.21491], "score": [1910, 2215, 2363, 2425, 2479, 2556, 2482, 2305, 2514, 2554, 2580, 2672, 2465, 2531, 2560, 2507, 2476, 2592, 2587, 2689, 2636, 2612, 2609, 2682, 2565, 2531, 2645, 2634, 2669, 2699, 2603, 2712, 2666, 2717, 2723, 2629, 2631, 2749, 2634, 2639, 2735, 2669, 2686, 2700, 2685, 2715, 2614, 2708, 2695, 2699, 2727, 2701, 2709, 2691, 2760, 2767, 2749, 2745, 2757, 2652, 2672, 2683, 2761, 2743, 2665, 2777, 2723, 2765, 2675, 2729, 2746, 2726, 2699, 2739, 2700, 2638, 2759, 2760, 2654, 2735, 2720, 2719, 2779, 2773, 2728, 2709, 2670, 2771, 2735, 2779, 2732, 2746, 2739, 2767, 2713, 2692, 2783, 2770, 2793, 2717, 2725, 2783, 2742, 2769, 2746]}, "Actor": {"epsilon_decay": 0.99, "epsilon": 1.0, "curBackupIdx": 0, "epsilon_min": 0.01, "TAU": 0.001, "nBackups": 3, "k": 10, "actionDim": 5, "nActions": 32}, "Critic": {"TAU": 0.001, "nBackups": 3, "curBackupIdx": 0, "actionDim": 5}, "policy": {"numOfDevices": 5, "stateDim": [1, 8], "seqLen": 1, "policyJSON": {"10": [{"days": "weekdays", "times": [["21:00", "23:29"]]}, {"days": [5], "times": [["21:00", "23:29"]]}], "6": [{"days": "weekdays", "times": [["20:40", "23:59"], ["00:00", "00:14"]]}, {"days": [4], "times": [["00:00", "00:14"]]}, {"days": [5], "times": [["21:00", "23:59"]]}], "weekdays": [0, 1, 2, 3, 6], "Devices": ["Room light1", "Room light2", "Room light3 (backdoor)", "Kitchen light", "Toilets light"], "days": ["Monday", "Tuesday", "Wednesday", "Thursday", "Friday", "Saturday", "Sunday"], "1": [{"days": [0, 1, 2, 3, 6], "times": [["08:30", "08:59"], ["20:30", "21:29"]]}, {"days": [4], "times": [["10:00", "13:29"]]}, {"days": [5], "times": [["18:00", "18:59"]]}], "0": [{"days": [0, 1, 2, 3, 6], "times": [["00:00", "00:29"], ["08:00", "08:59"], ["20:30", "23:59"]]}, {"days": [4], "times": [["00:00", "00:59"], ["09:30", "13:29"]]}, {"days": [5], "times": [["18:00", "23:59"]]}], "3": [{"days": [0, 1, 2, 3, 6], "times": [["08:30", "08:44"], ["20:45", "21:29"], ["23:15", "23:44"]]}, {"days": [4], "times": [["10:00", "10:59"], ["12:45", "13:14"]]}, {"days": [5], "times": [["18:00", "19:59"], ["21:00", "23:14"]]}], "2": [{"days": [0, 1, 2, 3, 6], "times": [["00:30", "01:09"]]}, {"days": [4], "times": [["00:30", "01:09"]]}], "5": [{"days": "weekdays", "times": [["08:35", "08:42"], ["21:09", "21:11"], ["00:05", "00:24"]]}, {"days": [4], "times": [["10:18", "10:29"], ["00:05", "00:24"]]}, {"days": [5], "times": [["19:09", "19:09"], ["21:34", "21:34"]]}], "4": [{"days": [0, 1, 2, 3, 6], "times": [["08:30", "08:34"], ["21:05", "21:08"]]}, {"days": [4], "times": [["10:10", "10:17"]]}, {"days": [5], "times": [["19:05", "19:08"], ["21:20", "21:33"]]}], "7": [{"days": "weekdays", "times": [["20:40", "23:59"], ["00:00", "00:14"]]}, {"days": [4], "times": [["00:00", "00:14"]]}, {"days": [5], "times": [["21:00", "23:59"]]}], "Time format": "%H:%M", "9": [{"days": "weekdays", "times": [["09:00", "09:00"], ["20:30", "20:30"]]}, {"days": [4], "times": [["13:29", "13:29"]]}, {"days": [5], "times": [["18:00", "18:00"]]}], "8": [{"days": "weekdays", "times": [["20:31", "20:54"]]}, {"days": [5], "times": [["18:00", "18:59"]]}], "weekend": [4, 5]}}}