{"settings": {"minGameScore": 2448, "TAU": 0.001, "minGameScoreRatio": 0.85, "batchSize": 128, "minGameSequence": 500, "nEpochs": 5, "nGamesPerSave": 100, "nModelBackups": 3, "gameMinutesLength": 2880, "gamma": 0.95, "learningRate": 0.001, "dequeSize": 50000, "trainSetSize": 50000}, "args": {"gpuFrac": 0.3, "random": true, "gpuNum": 6, "sequential": false, "settings": "/home/yochaiz/SmartHome/Reinforcement/settings.json"}, "results": {"loss": [51.99607, 44.61488, 31.89749, 21.20624, 17.6745, 14.22563, 13.24032, 11.88967, 10.93486, 9.78988, 10.03361, 12.10653, 11.00451, 11.16267, 10.96512, 10.17418, 11.39088, 10.62997, 10.52771, 10.43251, 9.50019, 8.64298, 7.9805, 8.00543, 7.30665, 6.94698, 6.78352, 6.97673, 6.7285, 5.9925, 6.30654, 5.81738, 5.89058, 5.22481, 5.19232, 5.13624, 4.68262, 5.02546, 4.98158, 5.37641, 5.08307, 4.94512, 4.99228, 4.79247, 4.62298, 4.54153, 4.28871, 4.32657, 3.99786, 4.03159, 4.17824, 4.19081, 4.98183, 4.46831, 4.27749, 4.18678, 4.03185, 4.22424, 4.04066, 3.9565, 3.7186, 3.9004, 3.37774, 3.4239, 3.61556, 3.65417, 3.34868, 3.25058, 3.05815, 3.56795, 3.49788, 3.19921, 3.2049, 3.17287, 2.95761, 3.46734, 3.3984, 3.01936, 2.76789, 2.78234, 2.94707, 3.10874, 3.01203, 2.95688, 3.22239, 3.20301, 3.1719, 2.91494, 3.16142, 2.75307, 3.08767, 3.27146, 3.069, 2.91801, 2.80842, 2.93084, 2.98046, 3.08144, 3.16776, 2.98823, 2.94696, 2.98949, 3.18518, 2.92021, 2.9177, 2.65169, 2.80099, 2.60463, 2.58463, 2.75464, 2.62946, 2.55807, 2.59622, 2.60194, 2.54599, 2.44146, 2.41903, 2.37192, 2.72361, 2.47386, 2.26968, 2.4194, 2.34216, 2.18747, 2.31993, 2.45398, 2.30838, 2.23375, 2.06928, 1.97846, 1.87663, 1.82787, 1.81682, 2.13005, 2.16557, 2.10636, 2.3373, 2.23348, 2.15994, 2.32433, 2.29671, 2.62665, 2.94226, 2.79294, 2.62374, 2.52649, 2.4224, 2.71031, 2.56084, 2.47607, 2.25757, 2.17623, 2.09012, 2.21273, 1.88005, 1.9645, 2.144, 2.15451, 2.17415, 1.92814, 2.11509, 2.16876, 1.97398, 1.93606, 2.12653, 2.33465, 2.1608, 1.86087, 2.02645, 2.34472, 2.19712, 2.25083, 2.08558, 2.15705, 1.97533, 2.17798, 2.0573, 2.04008, 2.04009, 2.1527, 1.95603, 1.92835, 2.10664, 2.12437, 2.22063, 2.44818, 2.21774, 2.20364, 2.30166, 2.38305, 2.52855, 2.51229, 2.80881, 2.74893, 2.56476, 2.59507, 2.59838, 2.81056, 3.02449, 2.9829, 2.75011, 2.69334, 2.57196, 2.62552, 2.4616, 2.42809, 2.40134, 2.58492, 2.59866, 2.70271, 2.24088, 2.50689, 2.20815, 2.29676, 2.13527, 2.12111, 1.83736, 1.77309, 2.03889, 2.1289, 2.08253, 2.45333, 2.5175, 2.73937, 2.40877, 2.20581, 2.15311, 2.13581, 1.85007, 1.8247, 2.09955, 1.80271, 1.88857, 1.93433, 2.18343, 1.94072, 2.30012, 2.26564, 2.12083, 2.11005, 2.11318, 1.99797, 2.0282, 1.82497, 2.04377, 1.96438, 2.01091, 1.93817, 2.10147, 1.85135, 1.99127, 1.93335, 1.91056, 2.14367, 2.17715, 2.14285, 2.06255, 1.96383, 2.48516, 2.36103, 2.28136, 2.17046, 2.41657, 2.27979, 2.13633, 2.17631, 2.27858, 2.2449, 2.07418, 1.92632, 2.0817, 1.91613, 1.7709, 1.98026, 2.10995, 1.94779, 2.04406, 1.9779, 1.85997, 1.7491, 1.92848, 1.80764, 1.69241, 1.71571, 1.66325, 1.9039, 1.9085, 1.78237, 1.73068, 1.82914, 1.78919, 1.96745, 2.41369, 1.94522, 1.66208, 1.75911, 1.92754, 1.98952, 2.07166, 1.86623, 1.98546, 1.8947, 2.01516, 2.03608, 1.95284, 2.15505, 1.91371, 1.91605, 1.61606, 1.65357, 1.96689, 1.80314, 1.81215, 1.74488, 1.6657, 1.67622, 1.72769, 1.56922, 1.75498, 1.5761, 1.57593, 1.56017, 1.43718, 1.62669, 2.24594, 1.89944, 1.913, 1.99388, 1.75204, 1.73835, 2.12019, 1.98277, 2.10637, 1.94195, 1.71925, 1.95534, 1.70189, 1.81901, 1.86819, 2.0127, 1.69003, 1.63544, 1.48435, 1.3838, 1.58483, 1.75601, 1.62619, 1.59073, 1.80163, 1.92634, 2.15076, 2.27825, 2.14167, 2.07594, 1.82066, 1.76083, 1.61677, 1.51868, 1.50869, 1.55755, 1.68348, 1.58495, 1.6345, 1.72674, 1.79312, 1.81531, 1.5689, 1.68504, 1.43903, 1.43289, 1.35564, 1.48317, 1.38073, 1.36503, 1.37991, 1.51911, 1.76548, 1.6925, 1.5822, 1.81962, 2.14006, 1.99994, 1.7592, 1.64981, 1.67002, 1.48252, 1.64733, 1.90266, 1.72687, 1.70791, 2.01186, 1.8166, 1.87243, 1.91338, 1.75657, 1.81071, 1.63796, 1.68599, 1.734, 1.69475, 1.86682, 1.82725, 1.84391, 1.91052, 1.83967, 1.5631, 1.46913, 1.70528, 1.67685, 1.73089, 1.5085, 1.81659, 1.4596, 1.54728, 1.58756, 1.40468, 1.53192, 1.66123, 1.59451, 1.6533, 1.65579, 1.47905, 1.58165, 1.57029, 1.65357, 1.59556, 1.60547, 1.48243, 1.44474, 1.56101, 1.54824, 1.63956, 1.48961, 1.50982, 1.75323, 1.50348, 1.33337, 1.35739, 1.39028, 1.2575, 1.44815, 1.44247, 1.33328, 1.44538, 1.30549, 1.3472, 1.18768, 1.19913, 1.30602, 1.26146, 1.37077, 1.4444, 1.46444, 1.43866, 1.42206, 1.62373, 1.71676, 1.56056, 1.8959, 1.8194, 1.85261, 1.81341, 1.79831, 1.66127, 1.65325, 1.67744, 1.67648, 1.49666, 1.53705, 1.58324, 1.66044, 1.77654, 1.60473, 1.54992, 1.52611, 1.74698, 1.85214, 1.94098, 1.84362, 2.02826, 1.85276, 1.80616, 1.7472, 1.66758, 1.68398, 1.9407, 1.77092, 1.91021, 1.94184, 1.86207, 1.87342, 1.95203, 1.94309, 2.17534, 1.8759, 1.81845, 1.91705, 1.83446, 1.65906, 1.88326, 1.90016, 1.67483, 1.57209, 1.5623, 1.71728, 1.57337, 1.51703, 1.66045, 1.78116, 1.8289, 1.68425, 1.56391, 1.44069, 1.61851, 1.89743, 1.82417, 1.69383, 1.82371, 1.87438, 1.75056],