{"settings": {"minGameScore": 2736, "TAU": 0.001, "minGameScoreRatio": 0.95, "batchSize": 64, "nGamesPerSave": 50, "nEpochs": 1, "minGameSequence": 500, "nModelBackups": 3, "gameMinutesLength": 2880, "dequeSize": 50000, "learningRate": 0.001, "gamma": 0.95, "trainSetSize": 64}, "args": {"settings": "/home/yochaiz/SmartHome/Reinforcement/settings.json", "k": 32, "random": true, "sequential": false, "gpuNum": 0, "gpuFrac": 0.45, "desc": "\"knn over all possible discrete actions, ResNet architecture with ~34 layers\""}, "results": {"loss": [30565.84396, 1193.32015, 1111.33802, 1156.97151, 1247.05408, 1331.05102, 1209.48106, 1050.63163, 927.99077, 1263.41387, 1164.69434, 1009.68811, 962.39235, 845.05431, 910.65072, 1004.44985, 926.7584, 1097.70949, 1121.33585, 1075.4726, 914.00961, 1050.27282, 1298.08834, 1227.87, 1144.69933, 978.90407, 933.51549, 1111.08783, 1033.3322, 955.89921, 1040.42347, 895.75157, 1026.80346, 958.34879, 667.57748, 683.32055, 787.80618, 905.53991, 777.03994, 678.9443, 778.89027, 1098.30867, 836.90494, 576.56881, 636.87968, 573.41191, 761.64191, 779.95472, 1145.79065, 1025.8307, 902.30958, 645.65266, 714.3848, 998.67968, 768.34493, 1162.62193, 893.96971, 797.74588, 495.33183, 509.1733, 591.88534, 446.29735, 585.61533, 526.31461, 452.01343, 590.02492, 887.77294, 797.05093, 780.76103, 788.36122, 628.72025, 1053.07108, 635.24722, 638.367, 625.30051, 564.30382, 687.87105, 824.90731, 561.49051, 914.0376, 613.74036, 742.59838, 701.71973, 780.33966, 1057.4687, 809.2309, 690.13013, 445.54096, 534.38841, 428.91112, 624.28038, 416.79341, 643.94953, 525.08308, 733.63898, 889.69171, 855.01624, 646.2838, 920.92557, 956.43895, 647.56691, 707.3439, 684.85387, 631.88489, 691.03457, 729.51687, 448.66576, 593.32959, 490.81968, 285.15872, 371.04263, 627.58196, 546.10915, 488.86109, 384.77704, 543.53351, 342.29519, 337.77762, 221.96641, 248.12563, 622.41001, 521.21755, 311.78518, 335.57988, 823.50421, 600.93942, 591.68092, 901.0226, 689.03959, 519.49294, 3161.41166, 290.91951, 867.23291, 406.94715, 542.64228, 422.76812, 367.0453, 381.71159, 352.09746, 370.26548, 309.19868, 319.7427, 280.6418, 386.48691, 281.97599, 553.01749, 348.13029, 745.0824, 328.40063, 376.38285, 259.97897, 319.91282, 483.88782, 419.93541, 297.82103, 209.93551, 245.61053, 558.04409, 352.21186, 437.62905, 613.22687, 490.12519, 378.27037, 534.08347, 373.90528, 319.39222, 595.4754, 391.99125, 467.95044, 437.54515, 372.26989, 361.61939, 431.95102, 693.16517, 345.42961, 394.7582, 459.23678, 801.75255, 630.9694, 698.85544, 429.02477, 228.0452, 277.48335, 425.10491, 290.38989, 236.5099, 473.89758, 351.11751, 519.76105, 682.41669, 564.24405, 363.0725, 536.07301, 604.87034, 311.15607, 410.92346, 278.80131, 270.33742, 464.49954, 747.34433, 312.89468, 416.98227, 496.07954, 403.66345, 270.35686, 233.03319, 233.21348, 167.13391, 207.30565, 648.13954, 303.72793, 177.38778, 195.24938], "score": [2107, 2237, 2220, 2202, 2344, 2340, 2252, 2334, 2200, 2211, 2353, 2360, 2420, 2220, 2351, 2355, 2216, 2376, 2348, 2174, 2407, 2362, 2331, 2386, 2344, 2377, 2209, 2355, 2378, 2164, 2248, 2271, 2408, 2280, 2384, 2370, 2383, 2361, 2269, 2182, 2374, 2359, 2309, 2370, 2188, 2193, 2375, 2369, 2204, 2296, 2189, 2364, 2285, 2398, 2388, 2266, 2185, 2359, 2395, 2422, 2388, 2376, 2377, 2404, 2392, 2441, 2375, 2262, 2407, 2292, 2387, 2290, 2396, 2393, 2293, 2191, 2280, 2317, 2287, 2285, 2339, 2385, 2391, 2294, 2295, 2402, 2217, 2483, 2304, 2405, 2406, 2314, 2361, 2368, 2400, 2404, 2218, 2295, 2405, 2259, 2390, 2385, 2401, 2393, 2432, 2407, 2485, 2329, 2405, 2485, 2411, 2297, 2403, 2315, 2394, 2415, 2408, 2382, 2417, 2404, 2281, 2392, 2268, 2403, 2411, 2228, 2426, 2484, 2421, 2410, 2298, 2400, 2398, 2381, 2477, 2403, 2387, 2373, 2411, 2421, 2368, 2415, 2397, 2346, 2224, 2427, 2319, 2415, 2428, 2381, 2398, 2329, 2425, 2423, 2420, 2412, 2412, 2390, 2412, 2413, 2278, 2322, 2425, 2423, 2261, 2290, 2434, 2399, 2416, 2415, 2440, 2292, 2352, 2431, 2483, 2410, 2366, 2435, 2415, 2417, 2445, 2279, 2425, 2421, 2413, 2316, 2418, 2389, 2307, 2329, 2413, 2421, 2425, 2331, 2408, 2421, 2426, 2325, 2372, 2323, 2408, 2416, 2447, 2238, 2475, 2423, 2239, 2421, 2429, 2425, 2322, 2429, 2432]}, "Actor": {"epsilon_decay": 0.99, "epsilon": 1.0, "curBackupIdx": 0, "epsilon_min": 0.01, "TAU": 0.001, "nBackups": 3, "k": 32, "actionDim": 5, "nActions": 32}, "Critic": {"TAU": 0.001, "nBackups": 3, "curBackupIdx": 0, "actionDim": 5}, "policy": {"numOfDevices": 5, "stateDim": [1, 8], "seqLen": 1, "policyJSON": {"10": [{"days": "weekdays", "times": [["21:00", "23:29"]]}, {"days": [5], "times": [["21:00", "23:29"]]}], "6": [{"days": "weekdays", "times": [["20:40", "23:59"], ["00:00", "00:14"]]}, {"days": [4], "times": [["00:00", "00:14"]]}, {"days": [5], "times": [["21:00", "23:59"]]}], "weekdays": [0, 1, 2, 3, 6], "Devices": ["Room light1", "Room light2", "Room light3 (backdoor)", "Kitchen light", "Toilets light"], "days": ["Monday", "Tuesday", "Wednesday", "Thursday", "Friday", "Saturday", "Sunday"], "1": [{"days": [0, 1, 2, 3, 6], "times": [["08:30", "08:59"], ["20:30", "21:29"]]}, {"days": [4], "times": [["10:00", "13:29"]]}, {"days": [5], "times": [["18:00", "18:59"]]}], "0": [{"days": [0, 1, 2, 3, 6], "times": [["00:00", "00:29"], ["08:00", "08:59"], ["20:30", "23:59"]]}, {"days": [4], "times": [["00:00", "00:59"], ["09:30", "13:29"]]}, {"days": [5], "times": [["18:00", "23:59"]]}], "3": [{"days": [0, 1, 2, 3, 6], "times": [["08:30", "08:44"], ["20:45", "21:29"], ["23:15", "23:44"]]}, {"days": [4], "times": [["10:00", "10:59"], ["12:45", "13:14"]]}, {"days": [5], "times": [["18:00", "19:59"], ["21:00", "23:14"]]}], "2": [{"days": [0, 1, 2, 3, 6], "times": [["00:30", "01:09"]]}, {"days": [4], "times": [["00:30", "01:09"]]}], "5": [{"days": "weekdays", "times": [["08:35", "08:42"], ["21:09", "21:11"], ["00:05", "00:24"]]}, {"days": [4], "times": [["10:18", "10:29"], ["00:05", "00:24"]]}, {"days": [5], "times": [["19:09", "19:09"], ["21:34", "21:34"]]}], "4": [{"days": [0, 1, 2, 3, 6], "times": [["08:30", "08:34"], ["21:05", "21:08"]]}, {"days": [4], "times": [["10:10", "10:17"]]}, {"days": [5], "times": [["19:05", "19:08"], ["21:20", "21:33"]]}], "7": [{"days": "weekdays", "times": [["20:40", "23:59"], ["00:00", "00:14"]]}, {"days": [4], "times": [["00:00", "00:14"]]}, {"days": [5], "times": [["21:00", "23:59"]]}], "Time format": "%H:%M", "9": [{"days": "weekdays", "times": [["09:00", "09:00"], ["20:30", "20:30"]]}, {"days": [4], "times": [["13:29", "13:29"]]}, {"days": [5], "times": [["18:00", "18:00"]]}], "8": [{"days": "weekdays", "times": [["20:31", "20:54"]]}, {"days": [5], "times": [["18:00", "18:59"]]}], "weekend": [4, 5]}}}