{"settings": {"minGameScore": 2736, "TAU": 0.001, "minGameScoreRatio": 0.95, "batchSize": 256, "nGamesPerSave": 50, "nEpochs": 1, "minGameSequence": 500, "nModelBackups": 3, "gameMinutesLength": 2880, "dequeSize": 50000, "learningRate": 0.001, "gamma": 0.95, "trainSetSize": 256}, "args": {"settings": "/home/yochaiz/SmartHome/Reinforcement/settings.json", "k": 32, "random": true, "sequential": false, "gpuNum": 0, "gpuFrac": 0.475, "desc": "\"fixed future action (discrete) + knn over all possible discrete actions\""}, "results": {"loss": [56.71852, 38.91791, 15.09011, 17.0205, 13.02969, 10.79381, 9.93908, 8.6538, 10.04992, 11.39181, 9.85477, 9.20868, 10.13005, 8.84479, 7.83171, 7.4322, 6.99595, 6.94389, 6.63568, 6.9533, 6.23654, 5.98727, 5.46305, 5.00217, 5.26832, 5.01827, 4.94005, 4.68198, 4.74724, 4.23694, 4.18859, 3.87308, 3.8188, 4.04862, 4.06107, 3.91675, 4.04785, 3.86204, 3.91113, 3.87712, 3.59294, 3.37909, 3.54546, 3.44932, 3.49931, 3.0759, 3.37439, 3.08448, 3.26069, 3.14558, 3.54855, 3.66326, 3.56623, 3.28941, 2.93776, 3.04556, 2.93987, 3.26394, 2.93782, 2.9576, 2.71672, 2.95853, 2.63426, 2.53197, 2.57892, 2.63605, 2.6389, 2.55061, 2.46116, 2.6873, 2.49249, 2.37404, 2.40393, 2.52943, 2.66001, 2.33291, 2.44978, 2.3535, 2.32765, 2.2079, 2.22662, 1.96319, 2.17202, 2.20588, 2.50539, 2.36237, 2.22206, 2.15123, 2.26562, 2.38836, 2.26179, 3.51314, 2.61637, 2.44776, 2.29432, 2.47446, 2.14896, 2.43021, 2.18127, 2.1433, 2.21174, 2.20098, 2.1037, 2.39009, 2.31429, 2.21627, 1.93296, 1.8086], "score": [1947, 2160, 2414, 2356, 2407, 2501, 2555, 2568, 2307, 2393, 2517, 2434, 2439, 2418, 2605, 2624, 2610, 2542, 2578, 2557, 2637, 2643, 2723, 2674, 2670, 2688, 2652, 2659, 2677, 2737, 2653, 2716, 2660, 2657, 2703, 2699, 2638, 2709, 2706, 2653, 2724, 2714, 2675, 2632, 2759, 2693, 2736, 2733, 2688, 2701, 2680, 2708, 2690, 2768, 2733, 2750, 2728, 2639, 2750, 2685, 2770, 2623, 2734, 2731, 2729, 2725, 2691, 2753, 2745, 2677, 2741, 2742, 2716, 2715, 2748, 2723, 2755, 2744, 2760, 2761, 2768, 2775, 2747, 2741, 2709, 2788, 2779, 2750, 2760, 2693, 2744, 2636, 2747, 2762, 2745, 2736, 2762, 2712, 2786, 2747, 2779, 2757, 2733, 2767, 2763, 2768, 2781, 2803]}, "Actor": {"epsilon_decay": 0.99, "epsilon": 1.0, "curBackupIdx": 0, "epsilon_min": 0.01, "TAU": 0.001, "nBackups": 3, "k": 32, "actionDim": 5, "nActions": 32}, "Critic": {"TAU": 0.001, "nBackups": 3, "curBackupIdx": 0, "actionDim": 5}, "policy": {"numOfDevices": 5, "stateDim": [1, 8], "seqLen": 1, "policyJSON": {"10": [{"days": "weekdays", "times": [["21:00", "23:29"]]}, {"days": [5], "times": [["21:00", "23:29"]]}], "6": [{"days": "weekdays", "times": [["20:40", "23:59"], ["00:00", "00:14"]]}, {"days": [4], "times": [["00:00", "00:14"]]}, {"days": [5], "times": [["21:00", "23:59"]]}], "weekdays": [0, 1, 2, 3, 6], "Devices": ["Room light1", "Room light2", "Room light3 (backdoor)", "Kitchen light", "Toilets light"], "days": ["Monday", "Tuesday", "Wednesday", "Thursday", "Friday", "Saturday", "Sunday"], "1": [{"days": [0, 1, 2, 3, 6], "times": [["08:30", "08:59"], ["20:30", "21:29"]]}, {"days": [4], "times": [["10:00", "13:29"]]}, {"days": [5], "times": [["18:00", "18:59"]]}], "0": [{"days": [0, 1, 2, 3, 6], "times": [["00:00", "00:29"], ["08:00", "08:59"], ["20:30", "23:59"]]}, {"days": [4], "times": [["00:00", "00:59"], ["09:30", "13:29"]]}, {"days": [5], "times": [["18:00", "23:59"]]}], "3": [{"days": [0, 1, 2, 3, 6], "times": [["08:30", "08:44"], ["20:45", "21:29"], ["23:15", "23:44"]]}, {"days": [4], "times": [["10:00", "10:59"], ["12:45", "13:14"]]}, {"days": [5], "times": [["18:00", "19:59"], ["21:00", "23:14"]]}], "2": [{"days": [0, 1, 2, 3, 6], "times": [["00:30", "01:09"]]}, {"days": [4], "times": [["00:30", "01:09"]]}], "5": [{"days": "weekdays", "times": [["08:35", "08:42"], ["21:09", "21:11"], ["00:05", "00:24"]]}, {"days": [4], "times": [["10:18", "10:29"], ["00:05", "00:24"]]}, {"days": [5], "times": [["19:09", "19:09"], ["21:34", "21:34"]]}], "4": [{"days": [0, 1, 2, 3, 6], "times": [["08:30", "08:34"], ["21:05", "21:08"]]}, {"days": [4], "times": [["10:10", "10:17"]]}, {"days": [5], "times": [["19:05", "19:08"], ["21:20", "21:33"]]}], "7": [{"days": "weekdays", "times": [["20:40", "23:59"], ["00:00", "00:14"]]}, {"days": [4], "times": [["00:00", "00:14"]]}, {"days": [5], "times": [["21:00", "23:59"]]}], "Time format": "%H:%M", "9": [{"days": "weekdays", "times": [["09:00", "09:00"], ["20:30", "20:30"]]}, {"days": [4], "times": [["13:29", "13:29"]]}, {"days": [5], "times": [["18:00", "18:00"]]}], "8": [{"days": "weekdays", "times": [["20:31", "20:54"]]}, {"days": [5], "times": [["18:00", "18:59"]]}], "weekend": [4, 5]}}}